Website,Product URL
https://www.amazon.com,https://www.amazon.com/CeraVe-Moisturizing-Lotion-Hyaluronic-Fragrance/dp/B07RK4HST7/?_encoding=UTF8&pd_rd_w=gE4wc&content-id=amzn1.sym.e85ee24d-ce5e-479d-bdb3-28d6161095d7&pf_rd_p=e85ee24d-ce5e-479d-bdb3-28d6161095d7&pf_rd_r=HQAW04AC99154CJBV6A1&pd_rd_wg=gfKwL&pd_rd_r=9cd80ae4-1a3d-408c-a99c-754366e85be7&ref_=pd_hp_d_btf_exports-popular-this-season-with-similar-asins
https://www.amazon.com,https://www.amazon.com/Invicta-Diver-Blue-Watch-26972/dp/B07GMSXZBM/?_encoding=UTF8&pd_rd_w=gE4wc&content-id=amzn1.sym.e85ee24d-ce5e-479d-bdb3-28d6161095d7&pf_rd_p=e85ee24d-ce5e-479d-bdb3-28d6161095d7&pf_rd_r=HQAW04AC99154CJBV6A1&pd_rd_wg=gfKwL&pd_rd_r=9cd80ae4-1a3d-408c-a99c-754366e85be7&ref_=pd_hp_d_btf_exports-popular-this-season-with-similar-asins
https://www.amazon.com,https://www.amazon.com/100M-Offers-People-Stupid-Saying/dp/173747574X/?_encoding=UTF8&pd_rd_w=gE4wc&content-id=amzn1.sym.e85ee24d-ce5e-479d-bdb3-28d6161095d7&pf_rd_p=e85ee24d-ce5e-479d-bdb3-28d6161095d7&pf_rd_r=HQAW04AC99154CJBV6A1&pd_rd_wg=gfKwL&pd_rd_r=9cd80ae4-1a3d-408c-a99c-754366e85be7&ref_=pd_hp_d_btf_exports-popular-this-season-with-similar-asins
https://www.amazon.com,https://www.amazon.com/Guide-Project-Management-Knowledge-PMBOK%C2%AE/dp/1628256648/?_encoding=UTF8&pd_rd_w=gE4wc&content-id=amzn1.sym.e85ee24d-ce5e-479d-bdb3-28d6161095d7&pf_rd_p=e85ee24d-ce5e-479d-bdb3-28d6161095d7&pf_rd_r=HQAW04AC99154CJBV6A1&pd_rd_wg=gfKwL&pd_rd_r=9cd80ae4-1a3d-408c-a99c-754366e85be7&ref_=pd_hp_d_btf_exports-popular-this-season-with-similar-asins
https://www.amazon.com,https://www.amazon.com/Alien-4K-UHD-Sigourney-Weaver/dp/B07P83ZXX4/?_encoding=UTF8&pd_rd_w=gE4wc&content-id=amzn1.sym.e85ee24d-ce5e-479d-bdb3-28d6161095d7&pf_rd_p=e85ee24d-ce5e-479d-bdb3-28d6161095d7&pf_rd_r=HQAW04AC99154CJBV6A1&pd_rd_wg=gfKwL&pd_rd_r=9cd80ae4-1a3d-408c-a99c-754366e85be7&ref_=pd_hp_d_btf_exports-popular-this-season-with-similar-asins
https://www.amazon.com,https://www.amazon.com/Timex-Womens-Peanuts-Weekender-Wristwatch/dp/B09RYCMWLY/?_encoding=UTF8&pd_rd_w=gE4wc&content-id=amzn1.sym.e85ee24d-ce5e-479d-bdb3-28d6161095d7&pf_rd_p=e85ee24d-ce5e-479d-bdb3-28d6161095d7&pf_rd_r=HQAW04AC99154CJBV6A1&pd_rd_wg=gfKwL&pd_rd_r=9cd80ae4-1a3d-408c-a99c-754366e85be7&ref_=pd_hp_d_btf_exports-popular-this-season-with-similar-asins
https://www.amazon.com,https://www.amazon.com/Craft-Trade-Boho-Tapestry-Psychedelic/dp/B0B7JD28Y9/?_encoding=UTF8&pd_rd_w=gE4wc&content-id=amzn1.sym.e85ee24d-ce5e-479d-bdb3-28d6161095d7&pf_rd_p=e85ee24d-ce5e-479d-bdb3-28d6161095d7&pf_rd_r=HQAW04AC99154CJBV6A1&pd_rd_wg=gfKwL&pd_rd_r=9cd80ae4-1a3d-408c-a99c-754366e85be7&ref_=pd_hp_d_btf_exports-popular-this-season-with-similar-asins
https://www.amazon.com,https://www.amazon.com/Casio-MDV106-1AV-Analog-Watch-Black/dp/B009KYJAJY/?_encoding=UTF8&pd_rd_w=aFWMr&content-id=amzn1.sym.4bba068a-9322-4692-abd5-0bbe652907a9&pf_rd_p=4bba068a-9322-4692-abd5-0bbe652907a9&pf_rd_r=HQAW04AC99154CJBV6A1&pd_rd_wg=gfKwL&pd_rd_r=9cd80ae4-1a3d-408c-a99c-754366e85be7&ref_=pd_hp_d_btf_nta-top-picks
https://www.amazon.com,https://www.amazon.com/Invicta-8926OB-Stainless-Automatic-Bracelet/dp/B000JQFX1G/?_encoding=UTF8&pd_rd_w=aFWMr&content-id=amzn1.sym.4bba068a-9322-4692-abd5-0bbe652907a9&pf_rd_p=4bba068a-9322-4692-abd5-0bbe652907a9&pf_rd_r=HQAW04AC99154CJBV6A1&pd_rd_wg=gfKwL&pd_rd_r=9cd80ae4-1a3d-408c-a99c-754366e85be7&ref_=pd_hp_d_btf_nta-top-picks
https://www.amazon.com,https://www.amazon.com/VASAGLE-Cabinet-Printer-Organizer-UOFC061W14/dp/B0CT5K6J4N/?_encoding=UTF8&pd_rd_w=aFWMr&content-id=amzn1.sym.4bba068a-9322-4692-abd5-0bbe652907a9&pf_rd_p=4bba068a-9322-4692-abd5-0bbe652907a9&pf_rd_r=HQAW04AC99154CJBV6A1&pd_rd_wg=gfKwL&pd_rd_r=9cd80ae4-1a3d-408c-a99c-754366e85be7&ref_=pd_hp_d_btf_nta-top-picks
https://www.amazon.com,https://www.amazon.com/Epson-Perfection-Negative-Document-Scanner/dp/B002OEBMRU/?_encoding=UTF8&pd_rd_w=aFWMr&content-id=amzn1.sym.4bba068a-9322-4692-abd5-0bbe652907a9&pf_rd_p=4bba068a-9322-4692-abd5-0bbe652907a9&pf_rd_r=HQAW04AC99154CJBV6A1&pd_rd_wg=gfKwL&pd_rd_r=9cd80ae4-1a3d-408c-a99c-754366e85be7&ref_=pd_hp_d_btf_nta-top-picks
https://www.amazon.com,https://www.amazon.com/Ninja-DZ201-2-Basket-Technology-Stainless/dp/B089TQWJKK/?_encoding=UTF8&pd_rd_w=aFWMr&content-id=amzn1.sym.4bba068a-9322-4692-abd5-0bbe652907a9&pf_rd_p=4bba068a-9322-4692-abd5-0bbe652907a9&pf_rd_r=HQAW04AC99154CJBV6A1&pd_rd_wg=gfKwL&pd_rd_r=9cd80ae4-1a3d-408c-a99c-754366e85be7&ref_=pd_hp_d_btf_nta-top-picks
https://www.amazon.com,https://www.amazon.com/Instant-Pot-Pressure-Steamer-Sterilizer/dp/B08PQ2KWHS/?_encoding=UTF8&pd_rd_w=aFWMr&content-id=amzn1.sym.4bba068a-9322-4692-abd5-0bbe652907a9&pf_rd_p=4bba068a-9322-4692-abd5-0bbe652907a9&pf_rd_r=HQAW04AC99154CJBV6A1&pd_rd_wg=gfKwL&pd_rd_r=9cd80ae4-1a3d-408c-a99c-754366e85be7&ref_=pd_hp_d_btf_nta-top-picks
https://www.amazon.com,https://www.amazon.com/Atomic-Habits-Proven-Build-Break/dp/0735211299/?_encoding=UTF8&pd_rd_w=aFWMr&content-id=amzn1.sym.4bba068a-9322-4692-abd5-0bbe652907a9&pf_rd_p=4bba068a-9322-4692-abd5-0bbe652907a9&pf_rd_r=HQAW04AC99154CJBV6A1&pd_rd_wg=gfKwL&pd_rd_r=9cd80ae4-1a3d-408c-a99c-754366e85be7&ref_=pd_hp_d_btf_nta-top-picks
https://www.amazon.com,https://www.amazon.com/Amazon-Basics-Lightweight-Microfiber-14-Inch/dp/B0154ASID6/?_encoding=UTF8&pd_rd_w=cVwDO&content-id=amzn1.sym.9929d3ab-edb7-4ef5-a232-26d90f828fa5&pf_rd_p=9929d3ab-edb7-4ef5-a232-26d90f828fa5&pf_rd_r=HQAW04AC99154CJBV6A1&pd_rd_wg=gfKwL&pd_rd_r=9cd80ae4-1a3d-408c-a99c-754366e85be7&ref_=pd_hp_d_btf_crs_zg_bs_1055398
https://www.amazon.com,https://www.amazon.com/Owala-Insulated-Stainless-Steel-Push-Button-24-Ounce/dp/B085DTZQNZ/?_encoding=UTF8&pd_rd_w=cVwDO&content-id=amzn1.sym.9929d3ab-edb7-4ef5-a232-26d90f828fa5&pf_rd_p=9929d3ab-edb7-4ef5-a232-26d90f828fa5&pf_rd_r=HQAW04AC99154CJBV6A1&pd_rd_wg=gfKwL&pd_rd_r=9cd80ae4-1a3d-408c-a99c-754366e85be7&ref_=pd_hp_d_btf_crs_zg_bs_1055398
https://www.amazon.com,https://www.amazon.com/Queen-Size-Piece-Sheet-Set/dp/B01M16WBW1/?_encoding=UTF8&pd_rd_w=cVwDO&content-id=amzn1.sym.9929d3ab-edb7-4ef5-a232-26d90f828fa5&pf_rd_p=9929d3ab-edb7-4ef5-a232-26d90f828fa5&pf_rd_r=HQAW04AC99154CJBV6A1&pd_rd_wg=gfKwL&pd_rd_r=9cd80ae4-1a3d-408c-a99c-754366e85be7&ref_=pd_hp_d_btf_crs_zg_bs_1055398
https://www.amazon.com,https://www.amazon.com/Quencher-FlowState-Stainless-Insulated-Smoothie/dp/B0CP9YB3Q4/?_encoding=UTF8&pd_rd_w=cVwDO&content-id=amzn1.sym.9929d3ab-edb7-4ef5-a232-26d90f828fa5&pf_rd_p=9929d3ab-edb7-4ef5-a232-26d90f828fa5&pf_rd_r=HQAW04AC99154CJBV6A1&pd_rd_wg=gfKwL&pd_rd_r=9cd80ae4-1a3d-408c-a99c-754366e85be7&ref_=pd_hp_d_btf_crs_zg_bs_1055398
https://www.amazon.com,https://www.amazon.com/upsimples-Picture-Display-Pictures-Without/dp/B0B1CNJL7N/?_encoding=UTF8&pd_rd_w=cVwDO&content-id=amzn1.sym.9929d3ab-edb7-4ef5-a232-26d90f828fa5&pf_rd_p=9929d3ab-edb7-4ef5-a232-26d90f828fa5&pf_rd_r=HQAW04AC99154CJBV6A1&pd_rd_wg=gfKwL&pd_rd_r=9cd80ae4-1a3d-408c-a99c-754366e85be7&ref_=pd_hp_d_btf_crs_zg_bs_1055398
https://www.amazon.com,https://www.amazon.com/Bedsure-Pillowcases-Similar-Sleeping-Envelope/dp/B0725WFLMB/?_encoding=UTF8&pd_rd_w=cVwDO&content-id=amzn1.sym.9929d3ab-edb7-4ef5-a232-26d90f828fa5&pf_rd_p=9929d3ab-edb7-4ef5-a232-26d90f828fa5&pf_rd_r=HQAW04AC99154CJBV6A1&pd_rd_wg=gfKwL&pd_rd_r=9cd80ae4-1a3d-408c-a99c-754366e85be7&ref_=pd_hp_d_btf_crs_zg_bs_1055398
https://www.amazon.com,https://www.amazon.com/OLANLY-Bathroom-Absorbent-Microfiber-Non-Slip/dp/B0CBP8CL71/?_encoding=UTF8&pd_rd_w=cVwDO&content-id=amzn1.sym.9929d3ab-edb7-4ef5-a232-26d90f828fa5&pf_rd_p=9929d3ab-edb7-4ef5-a232-26d90f828fa5&pf_rd_r=HQAW04AC99154CJBV6A1&pd_rd_wg=gfKwL&pd_rd_r=9cd80ae4-1a3d-408c-a99c-754366e85be7&ref_=pd_hp_d_btf_crs_zg_bs_1055398
https://www.amazon.com,https://www.amazon.com/Hello-Kitty-Island-Adventure-Deluxe-Nintendo/dp/B0DSQXNZQR/?_encoding=UTF8&pd_rd_w=p3Nfu&content-id=amzn1.sym.41f1b87d-2e7a-4fe4-bfcc-e038cab8f79e&pf_rd_p=41f1b87d-2e7a-4fe4-bfcc-e038cab8f79e&pf_rd_r=HQAW04AC99154CJBV6A1&pd_rd_wg=gfKwL&pd_rd_r=9cd80ae4-1a3d-408c-a99c-754366e85be7&ref_=pd_hp_d_btf_crs_zg_bs_468642
https://www.amazon.com,https://www.amazon.com/Meta-Quest-3S-128GB-All-One/dp/B0DDK1WM9K/?_encoding=UTF8&pd_rd_w=p3Nfu&content-id=amzn1.sym.41f1b87d-2e7a-4fe4-bfcc-e038cab8f79e&pf_rd_p=41f1b87d-2e7a-4fe4-bfcc-e038cab8f79e&pf_rd_r=HQAW04AC99154CJBV6A1&pd_rd_wg=gfKwL&pd_rd_r=9cd80ae4-1a3d-408c-a99c-754366e85be7&ref_=pd_hp_d_btf_crs_zg_bs_468642
https://www.amazon.com,https://www.amazon.com/Nintendo-SwitchTM-Neon-Blue-Joy%E2%80%91ConTM-Switch/dp/B0BFJWCYTL/?_encoding=UTF8&pd_rd_w=p3Nfu&content-id=amzn1.sym.41f1b87d-2e7a-4fe4-bfcc-e038cab8f79e&pf_rd_p=41f1b87d-2e7a-4fe4-bfcc-e038cab8f79e&pf_rd_r=HQAW04AC99154CJBV6A1&pd_rd_wg=gfKwL&pd_rd_r=9cd80ae4-1a3d-408c-a99c-754366e85be7&ref_=pd_hp_d_btf_crs_zg_bs_468642
https://www.amazon.com,https://www.amazon.com/Oregon-Trail-Nintendo-Switch/dp/B0D2PHP74H/?_encoding=UTF8&pd_rd_w=p3Nfu&content-id=amzn1.sym.41f1b87d-2e7a-4fe4-bfcc-e038cab8f79e&pf_rd_p=41f1b87d-2e7a-4fe4-bfcc-e038cab8f79e&pf_rd_r=HQAW04AC99154CJBV6A1&pd_rd_wg=gfKwL&pd_rd_r=9cd80ae4-1a3d-408c-a99c-754366e85be7&ref_=pd_hp_d_btf_crs_zg_bs_468642
https://www.amazon.com,https://www.amazon.com/Super-Mario-Party-Jamboree-Nintendo-Switch/dp/B0D7J4W5N3/?_encoding=UTF8&pd_rd_w=p3Nfu&content-id=amzn1.sym.41f1b87d-2e7a-4fe4-bfcc-e038cab8f79e&pf_rd_p=41f1b87d-2e7a-4fe4-bfcc-e038cab8f79e&pf_rd_r=HQAW04AC99154CJBV6A1&pd_rd_wg=gfKwL&pd_rd_r=9cd80ae4-1a3d-408c-a99c-754366e85be7&ref_=pd_hp_d_btf_crs_zg_bs_468642
https://www.amazon.com,https://www.amazon.com/Robux-Roblox-Online-Game-Code/dp/B07RX6FBFR/?_encoding=UTF8&pd_rd_w=p3Nfu&content-id=amzn1.sym.41f1b87d-2e7a-4fe4-bfcc-e038cab8f79e&pf_rd_p=41f1b87d-2e7a-4fe4-bfcc-e038cab8f79e&pf_rd_r=HQAW04AC99154CJBV6A1&pd_rd_wg=gfKwL&pd_rd_r=9cd80ae4-1a3d-408c-a99c-754366e85be7&ref_=pd_hp_d_btf_crs_zg_bs_468642
https://www.amazon.com,https://www.amazon.com/Legend-Zelda-Breath-Wild-Nintendo-Switch/dp/B097B2YWFX/?_encoding=UTF8&pd_rd_w=p3Nfu&content-id=amzn1.sym.41f1b87d-2e7a-4fe4-bfcc-e038cab8f79e&pf_rd_p=41f1b87d-2e7a-4fe4-bfcc-e038cab8f79e&pf_rd_r=HQAW04AC99154CJBV6A1&pd_rd_wg=gfKwL&pd_rd_r=9cd80ae4-1a3d-408c-a99c-754366e85be7&ref_=pd_hp_d_btf_crs_zg_bs_468642
https://www.amazon.com,https://www.amazon.com/Monopoly-Magical-Adventure-Hogwarts-Players/dp/B0CS7VH7HM/?_encoding=UTF8&pd_rd_w=6kayO&content-id=amzn1.sym.9929d3ab-edb7-4ef5-a232-26d90f828fa5&pf_rd_p=9929d3ab-edb7-4ef5-a232-26d90f828fa5&pf_rd_r=HQAW04AC99154CJBV6A1&pd_rd_wg=gfKwL&pd_rd_r=9cd80ae4-1a3d-408c-a99c-754366e85be7&ref_=pd_hp_d_btf_crs_zg_bs_165793011
https://www.amazon.com,https://www.amazon.com/Schylling-NeeDoh-Dream-Drop-Sensory/dp/B0D6D6TPQL/?_encoding=UTF8&pd_rd_w=6kayO&content-id=amzn1.sym.9929d3ab-edb7-4ef5-a232-26d90f828fa5&pf_rd_p=9929d3ab-edb7-4ef5-a232-26d90f828fa5&pf_rd_r=HQAW04AC99154CJBV6A1&pd_rd_wg=gfKwL&pd_rd_r=9cd80ae4-1a3d-408c-a99c-754366e85be7&ref_=pd_hp_d_btf_crs_zg_bs_165793011
https://www.amazon.com,https://www.amazon.com/Its-Date-Girlfriend-Boyfriend-Anniversaries/dp/B0BRNZ6FSW/?_encoding=UTF8&pd_rd_w=6kayO&content-id=amzn1.sym.9929d3ab-edb7-4ef5-a232-26d90f828fa5&pf_rd_p=9929d3ab-edb7-4ef5-a232-26d90f828fa5&pf_rd_r=HQAW04AC99154CJBV6A1&pd_rd_wg=gfKwL&pd_rd_r=9cd80ae4-1a3d-408c-a99c-754366e85be7&ref_=pd_hp_d_btf_crs_zg_bs_165793011
https://www.amazon.com,https://www.amazon.com/Engagement-Bachelorette-Christmas-Celebration-Decorations/dp/B0BWR49R77/?_encoding=UTF8&pd_rd_w=6kayO&content-id=amzn1.sym.9929d3ab-edb7-4ef5-a232-26d90f828fa5&pf_rd_p=9929d3ab-edb7-4ef5-a232-26d90f828fa5&pf_rd_r=HQAW04AC99154CJBV6A1&pd_rd_wg=gfKwL&pd_rd_r=9cd80ae4-1a3d-408c-a99c-754366e85be7&ref_=pd_hp_d_btf_crs_zg_bs_165793011
https://www.amazon.com,https://www.amazon.com/BLUEY-Firetruck-Exclusive-Firefighter-Figures/dp/B0CCX46WMZ/?_encoding=UTF8&pd_rd_w=6kayO&content-id=amzn1.sym.9929d3ab-edb7-4ef5-a232-26d90f828fa5&pf_rd_p=9929d3ab-edb7-4ef5-a232-26d90f828fa5&pf_rd_r=HQAW04AC99154CJBV6A1&pd_rd_wg=gfKwL&pd_rd_r=9cd80ae4-1a3d-408c-a99c-754366e85be7&ref_=pd_hp_d_btf_crs_zg_bs_165793011
https://www.amazon.com,https://www.amazon.com/Building-Valentines-Botanical-Collection-Together/dp/B0BH45SNRM/?_encoding=UTF8&pd_rd_w=6kayO&content-id=amzn1.sym.9929d3ab-edb7-4ef5-a232-26d90f828fa5&pf_rd_p=9929d3ab-edb7-4ef5-a232-26d90f828fa5&pf_rd_r=HQAW04AC99154CJBV6A1&pd_rd_wg=gfKwL&pd_rd_r=9cd80ae4-1a3d-408c-a99c-754366e85be7&ref_=pd_hp_d_btf_crs_zg_bs_165793011
https://www.amazon.com,https://www.amazon.com/Play-Doh-Modeling-Compound-Non-Toxic-Exclusive/dp/B00JM5GW10/?_encoding=UTF8&pd_rd_w=6kayO&content-id=amzn1.sym.9929d3ab-edb7-4ef5-a232-26d90f828fa5&pf_rd_p=9929d3ab-edb7-4ef5-a232-26d90f828fa5&pf_rd_r=HQAW04AC99154CJBV6A1&pd_rd_wg=gfKwL&pd_rd_r=9cd80ae4-1a3d-408c-a99c-754366e85be7&ref_=pd_hp_d_btf_crs_zg_bs_165793011
https://www.amazon.com,https://www.amazon.com/Ailun-Protector-Generation-Compatible-Sensitive/dp/B0BJPXXM7D/?_encoding=UTF8&pd_rd_w=890ph&content-id=amzn1.sym.9929d3ab-edb7-4ef5-a232-26d90f828fa5&pf_rd_p=9929d3ab-edb7-4ef5-a232-26d90f828fa5&pf_rd_r=HQAW04AC99154CJBV6A1&pd_rd_wg=gfKwL&pd_rd_r=9cd80ae4-1a3d-408c-a99c-754366e85be7&ref_=pd_hp_d_btf_crs_zg_bs_541966
https://www.amazon.com,https://www.amazon.com/Rejection-Compatible-2018-2021-Precise-Writing/dp/B0831BF1FH/?_encoding=UTF8&pd_rd_w=890ph&content-id=amzn1.sym.9929d3ab-edb7-4ef5-a232-26d90f828fa5&pf_rd_p=9929d3ab-edb7-4ef5-a232-26d90f828fa5&pf_rd_r=HQAW04AC99154CJBV6A1&pd_rd_wg=gfKwL&pd_rd_r=9cd80ae4-1a3d-408c-a99c-754366e85be7&ref_=pd_hp_d_btf_crs_zg_bs_541966
https://www.amazon.com,https://www.amazon.com/MoKo-Generation-Stand-Translucent-Support/dp/B0B8STRJYJ/?_encoding=UTF8&pd_rd_w=890ph&content-id=amzn1.sym.9929d3ab-edb7-4ef5-a232-26d90f828fa5&pf_rd_p=9929d3ab-edb7-4ef5-a232-26d90f828fa5&pf_rd_r=HQAW04AC99154CJBV6A1&pd_rd_wg=gfKwL&pd_rd_r=9cd80ae4-1a3d-408c-a99c-754366e85be7&ref_=pd_hp_d_btf_crs_zg_bs_541966
https://www.amazon.com,https://www.amazon.com/Protector-Generation-10-2-apiker-Compatible/dp/B07XXWZKBT/?_encoding=UTF8&pd_rd_w=890ph&content-id=amzn1.sym.9929d3ab-edb7-4ef5-a232-26d90f828fa5&pf_rd_p=9929d3ab-edb7-4ef5-a232-26d90f828fa5&pf_rd_r=HQAW04AC99154CJBV6A1&pd_rd_wg=gfKwL&pd_rd_r=9cd80ae4-1a3d-408c-a99c-754366e85be7&ref_=pd_hp_d_btf_crs_zg_bs_541966
https://www.amazon.com,https://www.amazon.com/HP-DeskJet-Wireless-included-588S6A/dp/B0CT2QHQVF/?_encoding=UTF8&pd_rd_w=890ph&content-id=amzn1.sym.9929d3ab-edb7-4ef5-a232-26d90f828fa5&pf_rd_p=9929d3ab-edb7-4ef5-a232-26d90f828fa5&pf_rd_r=HQAW04AC99154CJBV6A1&pd_rd_wg=gfKwL&pd_rd_r=9cd80ae4-1a3d-408c-a99c-754366e85be7&ref_=pd_hp_d_btf_crs_zg_bs_541966
https://www.amazon.com,https://www.amazon.com/ProCase-Generation-Protector-Tempered-Release/dp/B0BDKJFRX4/?_encoding=UTF8&pd_rd_w=890ph&content-id=amzn1.sym.9929d3ab-edb7-4ef5-a232-26d90f828fa5&pf_rd_p=9929d3ab-edb7-4ef5-a232-26d90f828fa5&pf_rd_r=HQAW04AC99154CJBV6A1&pd_rd_wg=gfKwL&pd_rd_r=9cd80ae4-1a3d-408c-a99c-754366e85be7&ref_=pd_hp_d_btf_crs_zg_bs_541966
https://www.amazon.com,https://www.amazon.com/Nelko-P21-Bluetooth-Templates-Organizing/dp/B0C3L93F2Q/?_encoding=UTF8&pd_rd_w=890ph&content-id=amzn1.sym.9929d3ab-edb7-4ef5-a232-26d90f828fa5&pf_rd_p=9929d3ab-edb7-4ef5-a232-26d90f828fa5&pf_rd_r=HQAW04AC99154CJBV6A1&pd_rd_wg=gfKwL&pd_rd_r=9cd80ae4-1a3d-408c-a99c-754366e85be7&ref_=pd_hp_d_btf_crs_zg_bs_541966
https://www.amazon.com,https://www.amazon.com/Hanes-Ecosmart-Fleece-Sweatshirt-Black/dp/B01L8JJ57U/?_encoding=UTF8&pd_rd_w=hKVMe&content-id=amzn1.sym.9929d3ab-edb7-4ef5-a232-26d90f828fa5&pf_rd_p=9929d3ab-edb7-4ef5-a232-26d90f828fa5&pf_rd_r=HQAW04AC99154CJBV6A1&pd_rd_wg=gfKwL&pd_rd_r=9cd80ae4-1a3d-408c-a99c-754366e85be7&ref_=pd_hp_d_btf_crs_zg_bs_7141123011
https://www.amazon.com,https://www.amazon.com/ANRABESS-Crewneck-T-Shirt-Workout-Outfits/dp/B0CYZM5RSM/?_encoding=UTF8&pd_rd_w=hKVMe&content-id=amzn1.sym.9929d3ab-edb7-4ef5-a232-26d90f828fa5&pf_rd_p=9929d3ab-edb7-4ef5-a232-26d90f828fa5&pf_rd_r=HQAW04AC99154CJBV6A1&pd_rd_wg=gfKwL&pd_rd_r=9cd80ae4-1a3d-408c-a99c-754366e85be7&ref_=pd_hp_d_btf_crs_zg_bs_7141123011
https://www.amazon.com,https://www.amazon.com/GYM-PEOPLE-Pockets-Control-Leggings/dp/B07HQM6NH8/?_encoding=UTF8&pd_rd_w=hKVMe&content-id=amzn1.sym.9929d3ab-edb7-4ef5-a232-26d90f828fa5&pf_rd_p=9929d3ab-edb7-4ef5-a232-26d90f828fa5&pf_rd_r=HQAW04AC99154CJBV6A1&pd_rd_wg=gfKwL&pd_rd_r=9cd80ae4-1a3d-408c-a99c-754366e85be7&ref_=pd_hp_d_btf_crs_zg_bs_7141123011
https://www.amazon.com,https://www.amazon.com/Gildan-T-Shirt-Multipack-Black-Large/dp/B07JDFPQTC/?_encoding=UTF8&pd_rd_w=hKVMe&content-id=amzn1.sym.9929d3ab-edb7-4ef5-a232-26d90f828fa5&pf_rd_p=9929d3ab-edb7-4ef5-a232-26d90f828fa5&pf_rd_r=HQAW04AC99154CJBV6A1&pd_rd_wg=gfKwL&pd_rd_r=9cd80ae4-1a3d-408c-a99c-754366e85be7&ref_=pd_hp_d_btf_crs_zg_bs_7141123011
https://www.amazon.com,https://www.amazon.com/Hanes-Pullover-EcoSmart-Fleece-Hoodie/dp/B00JUM2VAQ/?_encoding=UTF8&pd_rd_w=hKVMe&content-id=amzn1.sym.9929d3ab-edb7-4ef5-a232-26d90f828fa5&pf_rd_p=9929d3ab-edb7-4ef5-a232-26d90f828fa5&pf_rd_r=HQAW04AC99154CJBV6A1&pd_rd_wg=gfKwL&pd_rd_r=9cd80ae4-1a3d-408c-a99c-754366e85be7&ref_=pd_hp_d_btf_crs_zg_bs_7141123011
https://www.amazon.com,https://www.amazon.com/crocs-Unisex-Classic-Black-Women/dp/B0014C5S7S/?_encoding=UTF8&pd_rd_w=hKVMe&content-id=amzn1.sym.9929d3ab-edb7-4ef5-a232-26d90f828fa5&pf_rd_p=9929d3ab-edb7-4ef5-a232-26d90f828fa5&pf_rd_r=HQAW04AC99154CJBV6A1&pd_rd_wg=gfKwL&pd_rd_r=9cd80ae4-1a3d-408c-a99c-754366e85be7&ref_=pd_hp_d_btf_crs_zg_bs_7141123011
https://www.amazon.com,https://www.amazon.com/Fruit-Loom-Mens-Tucked-T-Shirt/dp/B00W66LQFO/?_encoding=UTF8&pd_rd_w=hKVMe&content-id=amzn1.sym.9929d3ab-edb7-4ef5-a232-26d90f828fa5&pf_rd_p=9929d3ab-edb7-4ef5-a232-26d90f828fa5&pf_rd_r=HQAW04AC99154CJBV6A1&pd_rd_wg=gfKwL&pd_rd_r=9cd80ae4-1a3d-408c-a99c-754366e85be7&ref_=pd_hp_d_btf_crs_zg_bs_7141123011
https://www.amazon.com,https://www.amazon.com/dp/B07984JN3L?plattr=ACOMFO&ie=UTF-8
https://www.flipkart.com,https://www.flipkart.com/samsung-galaxy-s25-ultra-5g-titanium-silverblue-512-gb/p/itm2ce28bbf75993?otracker=undefined_footer
https://www.flipkart.com,https://www.flipkart.com/samsung-galaxy-s25-plus-5g-silver-shadow-512-gb/p/itmab25415a98d9f?otracker=undefined_footer
https://www.flipkart.com,https://www.flipkart.com/samsung-galaxy-s25-5g-icyblue-256-gb/p/itm3c1e495903acc?otracker=undefined_footer
https://www.flipkart.com,https://www.flipkart.com/apple-iphone-16-white-128-gb/p/itm7c0281cd247be?otracker=undefined_footer
https://www.flipkart.com,https://www.flipkart.com/apple-iphone-16-plus-teal-128-gb/p/itmfa939eebe8adf?otracker=undefined_footer
https://www.flipkart.com,https://www.flipkart.com/apple-iphone-16-pro-white-titanium-128-gb/p/itm50f720fdcec51?otracker=undefined_footer
https://www.flipkart.com,https://www.flipkart.com/apple-iphone-16-pro-max-black-titanium-256-gb/p/itm7e75db4f27bd5?otracker=undefined_footer
https://www.flipkart.com,https://www.flipkart.com/oppo-reno13-pro-5g-graphite-grey-256-gb/p/itmd9520193f28ac?otracker=undefined_footer
https://www.flipkart.com,https://www.flipkart.com/poco-x7-5g/p/itm638304f590e26?otracker=undefined_footer
https://www.flipkart.com,https://www.flipkart.com/realme-14-pro-5g-pearl-white-256-gb/p/itmb5105a70ea6a6?otracker=undefined_footer
https://www.flipkart.com,https://www.flipkart.com/redmi-note-14-pro-5g-spectre-blue-128-gb/p/itm7fa24a152cbc9?otracker=undefined_footer
https://www.flipkart.com,https://www.flipkart.com/whoop-4-0-wearable-health-fitness-activity-tracker-sleep-strain-recovery-wellness-smartwatch/p/itm85144628074bc?otracker=undefined_footer
https://www.flipkart.com,https://www.flipkart.com/oppo-find-x8-5g-space-black-512-gb/p/itm0e193d19d23ff?otracker=undefined_footer
https://www.flipkart.com,https://www.flipkart.com/nothing-phone-2a-plus/p/itm0c99b11bfe22d?otracker=undefined_footer
https://www.flipkart.com,https://www.flipkart.com/cmf-nothing-phone-1-5g/p/itm9bfa0dd29dbcb?otracker=undefined_footer
https://www.flipkart.com,https://www.flipkart.com/xiaomi-14-civi-cruise-blue-256-gb/p/itm34da1cf159d63?otracker=undefined_footer
https://www.flipkart.com,https://www.flipkart.com/infinix-note-40-pro-5g-vintage-green-256-gb/p/itma7197f5eb7e85?otracker=undefined_footer
https://www.flipkart.com,https://www.flipkart.com/apple-iphone-15-black-128-gb/p/itm6ac6485515ae4?otracker=undefined_footer
https://www.flipkart.com,https://www.flipkart.com/infinix-note-40-5g/p/itm72c4c7b7d8834?otracker=undefined_footer
https://www.flipkart.com,https://www.flipkart.com/apple-iphone-15-plus-blue-128-gb/p/itm4022c14383050?otracker=undefined_footer
https://www.flipkart.com,https://www.flipkart.com/vivo-x-fold3-pro-celestial-black-512-gb/p/itm8dfd1a1b0900f?otracker=undefined_footer
https://www.flipkart.com,https://www.flipkart.com/motorola-g04s/p/itm6d82d81cfa8da?otracker=undefined_footer
https://www.flipkart.com,https://www.flipkart.com/vivo-x100-asteroid-black-256-gb/p/itm60fe0113c39cb?otracker=undefined_footer
https://www.flipkart.com,https://www.flipkart.com/oneplus-nord-ce-3-lite-5g-pastel-lime-128-gb/p/itm2cd5a4e659035?otracker=undefined_footer
https://www.flipkart.com,https://www.flipkart.com/samsung-galaxy-z-flip5-mint-256-gb/p/itm3038611e95123?otracker=undefined_footer
https://www.flipkart.com,https://www.flipkart.com/samsung-galaxy-z-fold5-phantom-black-512-gb/p/itm4d14abce6dc2f?otracker=undefined_footer
https://www.flipkart.com,https://www.flipkart.com/motorola-edge-40-jet-black-256-gb/p/itmbe5b18bf1f229?otracker=undefined_footer
https://www.flipkart.com,https://www.flipkart.com/oppo-reno7-pro-5g-startrails-blue-256-gb/p/itm9a6b0ca45fe90?otracker=undefined_footer
https://www.flipkart.com,https://www.flipkart.com/motorola-g64-5g-ambrosia-128-gb/p/itm6dfa6fef0e50a?otracker=undefined_footer
https://www.flipkart.com,https://www.flipkart.com/oppo-reno-12-5g-astro-silver-256-gb/p/itmaa6baddef2662?otracker=undefined_footer
https://www.flipkart.com,https://www.flipkart.com/motorola-edge-50-fusion/p/itm7d39b15599c7e?otracker=undefined_footer
https://www.flipkart.com,https://www.flipkart.com/redmi-12-5g-pastel-blue-128-gb/p/itm71f3d06ed5235?otracker=undefined_footer
https://www.flipkart.com,https://www.flipkart.com/redmi-note-13-5g-arctic-white-256-gb/p/itm82475e073eb2e?otracker=undefined_footer
https://www.flipkart.com,https://www.flipkart.com/realme-12-5g-navigator-beige-128-gb/p/itmaf084e49c78e2?otracker=undefined_footer
https://www.flipkart.com,https://www.flipkart.com/poco-c65-matte-black-128-gb/p/itm8ea3d87aa6c0c?otracker=undefined_footer
https://www.flipkart.com,https://www.flipkart.com/motorola-g84-5g-marshmallow-blue-256-gb/p/itm7807a599d2202?otracker=undefined_footer
https://www.flipkart.com,https://www.flipkart.com/realme-c53-champion-gold-128-gb/p/itm5df90168ecd05?otracker=undefined_footer
https://www.flipkart.com,https://www.flipkart.com/infinix-smart-8-rainbow-blue-64-gb/p/itmb5696a34ad441?otracker=undefined_footer
https://www.flipkart.com,https://www.flipkart.com/samsung-galaxy-s23-5g-phantom-black-256-gb/p/itm347e695feffe7?otracker=undefined_footer
https://www.flipkart.com,https://www.flipkart.com/samsung-galaxy-s21-fe-5g-snapdragon-888-olive-256-gb/p/itmb3a0b1e650a0e?otracker=undefined_footer
https://www.flipkart.com,https://www.flipkart.com/vivo-v30-5g-peacock-green-256-gb/p/itme3a94b78a025f?otracker=undefined_footer
https://www.flipkart.com,https://www.flipkart.com/samsung-galaxy-s24-5g-amber-yellow-256-gb/p/itmebc700bb8d159?otracker=undefined_footer
https://www.flipkart.com,https://www.flipkart.com/samsung-galaxy-s24-5g-cobalt-violet-512-gb/p/itmdbe5ac49590db?otracker=undefined_footer
https://www.flipkart.com,https://www.flipkart.com/apple-iphone-12-white-64-gb/p/itm8b88bdc03cd79?otracker=undefined_footer
https://www.flipkart.com,https://www.flipkart.com/apple-iphone-12-pro-graphite-512-gb/p/itmdf0ffb4f2150f?otracker=undefined_footer
https://www.flipkart.com,https://www.flipkart.com/apple-iphone-12-blue-128-gb/p/itm02853ae92e90a?otracker=undefined_footer
https://www.flipkart.com,https://www.flipkart.com/vivo-y15-aqua-blue-64-gb/p/itmfgadf77s87w8x?otracker=undefined_footer
https://www.flipkart.com,https://www.flipkart.com/samsung-galaxy-s21-fe-5g-snapdragon-888-lavender-256-gb/p/itmb457a6d3826ee?pid=MOBGSXD7TV34MYXX&otracker=undefined_footer
https://www.flipkart.com,https://www.flipkart.com/infinix-hot-30i-diamond-white-64-gb/p/itm8b42a43b35895?otracker=undefined_footer
https://www.flipkart.com,https://www.flipkart.com/realme-10-pro-5g-dark-matter-128-gb/p/itm1e672d12a252e?otracker=undefined_footer
https://www.flipkart.com,https://www.flipkart.com/motorola-g62-5g-frosted-blue-128-gb/p/itm556a0153d9a10?otracker=undefined_footer
https://www.flipkart.com,https://www.flipkart.com/nothing-phone-1-black-128-gb/p/itmeea53a564de47?otracker=undefined_footer
https://www.flipkart.com,https://www.flipkart.com/redmi-note-12-pro-5g-onyx-black-128-gb/p/itmbc9fd7adaa32a?otracker=undefined_footer
https://www.flipkart.com,https://www.flipkart.com/infinix-smart-7-azure-blue-64-gb/p/itm7b72b66485a59?otracker=undefined_footer
https://www.flipkart.com,https://www.flipkart.com/vivo-y12-burgundy-red-64-gb/p/itmfhyjvucp5mueg?otracker=undefined_footer
https://www.flipkart.com,https://www.flipkart.com/oppo-a12-blue-32-gb/p/itmfc859cdf39e01?otracker=undefined_footer
https://www.flipkart.com,https://www.flipkart.com/oppo-f15-blazing-blue-128-gb/p/itm56d35565691ea?otracker=undefined_footer
https://www.flipkart.com,https://www.flipkart.com/oppo-a31-fantasy-white-64-gb/p/itm82e19f459118a?otracker=undefined_footer
https://www.flipkart.com,https://www.flipkart.com/samsung-galaxy-a71-prism-crush-blue-128-gb/p/itmb719fd01880e3?otracker=undefined_footer
https://www.flipkart.com,https://www.flipkart.com/samsung-galaxy-a51-prism-crush-blue-128-gb/p/itme8079f0fedb33?otracker=undefined_footer
https://www.flipkart.com,https://www.flipkart.com/samsung-galaxy-a31-prism-crush-black-128-gb/p/itm629da21d10cba?otracker=undefined_footer
https://www.flipkart.com,https://www.flipkart.com/gopro-hero-sports-action-camera/p/itmf3s4abpfgawhc?otracker=undefined_footer
https://www.flipkart.com,https://www.flipkart.com/avita-liber-core-i7-10th-gen-16-gb-1-tb-ssd-windows-10-home-ns14a8inr671-pag-thin-light-laptop/p/itmbe8a49652ca6f?pid=COMGQKQ7GGNFR8N4&otracker=undefined_footer
https://www.flipkart.com,https://www.flipkart.com/apple-2022-macbook-pro-m2-8-gb-256-gb-ssd-mac-os-monterey-mneh3hn-a/p/itmaea892f7dd66e?otracker=undefined_footer
https://www.flipkart.com,https://www.flipkart.com/asus-rog-strix-scar-16-2023-core-i9-13th-gen-32-gb-1-tb-ssd-windows-11-home-12-gb-graphics-nvidia-geforce-rtx-4080-g634jz-n4062ws-gaming-laptop/p/itma62818795454d?otracker=undefined_footer
https://www.flipkart.com,https://www.flipkart.com/asus-rog-zephyrus-m16-2023-core-i9-13th-gen-32-gb-2-tb-ssd-windows-11-home-16-gb-graphics-nvidia-geforce-rtx-4090-gu604vy-nm058ws-gaming-laptop/p/itm7ad23e5445edf?otracker=undefined_footer
https://www.flipkart.com,https://www.flipkart.com/asus-zenbook-14-oled-2022-core-i5-12th-gen-16-gb-512-gb-ssd-windows-11-home-ux3402za-km531ws-thin-light-laptop/p/itm92e2e0518b654?otracker=undefined_footer
https://www.flipkart.com,https://www.flipkart.com/realme-book-prime-core-i5-11th-gen-16-gb-512-gb-ssd-windows-11-home-cloudpro002-thin-light-laptop/p/itm7d1b1a9d3579b?otracker=undefined_footer
https://www.flipkart.com,https://www.flipkart.com/microsoft-surface-go-pentium-gold-8-gb-128-gb-ssd-windows-10-home-s-mode-1824-2-1-laptop/p/itmfb6pyjzy9y8n4?otracker=undefined_footer
https://www.flipkart.com,https://www.flipkart.com/infinix-inbook-y1-plus-intel-core-i3-10th-gen-8-gb-256-gb-ssd-windows-11-home-xl28-thin-light-laptop/p/itm6c066be25ddde?otracker=undefined_footer
https://www.flipkart.com,https://www.flipkart.com/samsung-galaxy-book3-core-i7-13th-gen-16-gb-512-gb-ssd-windows-11-home-thin-light-laptop/p/itmf5efb3b1c35fa?otracker=undefined_footer
https://www.flipkart.com,https://www.flipkart.com/mi-x-pro-108-cm-43-inch-ultra-hd-4k-led-smart-google-tv-dolby-atmos-vision-iq/p/itmccb958ce6c75e?otracker=undefined_footer
https://www.flipkart.com,https://www.flipkart.com/realme-pad-mini-3-gb-ram-32-rom-8-68-inch-4g-tablet-grey/p/itmdb6b41e4b36ef?otracker=undefined_footer
https://www.flipkart.com,https://www.flipkart.com/conekt-sw2-smartwatch/p/itmaa5781a80aec1?otracker=undefined_footer
https://www.ajio.com,https://www.ajio.com/shop/men
https://www.ajio.com,https://www.ajio.com/shop/international-brands
https://www.ajio.com,https://www.ajio.com/shop/ajio-gold
https://www.ajio.com,https://www.ajio.com/shop/women
https://www.ajio.com,https://www.ajio.com/shop/kids
https://www.ajio.com,https://www.ajio.com/shop/indie
https://www.ajio.com,https://www.ajio.com/shop/stores
https://www.ajio.com,https://www.ajio.com/shop/fresh-arrivals
https://www.snapdeal.com,https://www.snapdeal.com/products/mens-footwear
https://www.snapdeal.com,https://www.snapdeal.com/products/mens-footwear-sports-shoes
https://www.snapdeal.com,https://www.snapdeal.com/products/mens-footwear-casual-shoes
https://www.snapdeal.com,http://www.snapdeal.com/products/mens-footwear-slippers-floaters?sort=plrty
https://www.snapdeal.com,http://www.snapdeal.com/products/mens-footwear-floater-sandals?sort=plrty
https://www.snapdeal.com,http://www.snapdeal.com/products/mens-footwear-formal-shoes
https://www.snapdeal.com,http://www.snapdeal.com/products/mens-footwear-loafers?sort=plrty
https://www.snapdeal.com,https://www.snapdeal.com/products/mens-footwear-sneakers?sort=plrty#bcrumbLabelId:18
https://www.snapdeal.com,https://www.snapdeal.com/products/mens-footwear-ethnic?sort=plrty
https://www.snapdeal.com,https://www.snapdeal.com/products/mens-footwear-accessories?sort=plrty
https://www.snapdeal.com,https://www.snapdeal.com/products/bags
https://www.snapdeal.com,https://www.snapdeal.com/products/lifestyle-backpacks
https://www.snapdeal.com,https://www.snapdeal.com/products/lifestyle-laptop-bags
https://www.snapdeal.com,https://www.snapdeal.com/products/bags-hiking-rucksacks
https://www.snapdeal.com,https://www.snapdeal.com/products/lifestyle-luggage
https://www.snapdeal.com,https://www.snapdeal.com/products/lifestyle-travel-accessories
https://www.snapdeal.com,https://www.snapdeal.com/products/bags-briefcases
https://www.snapdeal.com,https://www.snapdeal.com/products/bags?sort=plrty
https://www.snapdeal.com,https://www.snapdeal.com/products/men-apparel
https://www.snapdeal.com,https://www.snapdeal.com/products/mens-tshirts-polos
https://www.snapdeal.com,https://www.snapdeal.com/products/men-apparel-shirts
https://www.snapdeal.com,https://www.snapdeal.com/products/men-apparel-jeans
https://www.snapdeal.com,https://www.snapdeal.com/products/men-apparel-trousers?sort=plrty
https://www.snapdeal.com,https://www.snapdeal.com/products/men-apparel-innerwear
https://www.snapdeal.com,https://www.snapdeal.com/products/men-apparel?sort=plrty
https://www.snapdeal.com,https://www.snapdeal.com/products/mens-winter-wear-store?sort=plrty
https://www.snapdeal.com,https://www.snapdeal.com/products/men-apparel-outerwear-jackets?sort=plrty
https://www.snapdeal.com,https://www.snapdeal.com/products/men-apparel-sweatshirts?sort=plrty
https://www.snapdeal.com,https://www.snapdeal.com/products/men-apparel-sweaters?sort=plrty
https://www.snapdeal.com,https://www.snapdeal.com/products/mens-winter-wear-thermals?sort=plrty
https://www.snapdeal.com,https://www.snapdeal.com/products/men-apparel-sports-wear
https://www.snapdeal.com,https://www.snapdeal.com/products/men-sports-tshirts-polos?sort=plrty
https://www.snapdeal.com,https://www.snapdeal.com/products/men-apparel-trackpants-tracksuits?sort=plrty
https://www.snapdeal.com,https://www.snapdeal.com/products/men-apparel-sports-wear?sort=plrty
https://www.snapdeal.com,https://www.snapdeal.com/products/perfumes-beauty-mens-grooming
https://www.snapdeal.com,https://www.snapdeal.com/products/shaving-foams-creams-gels
https://www.snapdeal.com,https://www.snapdeal.com/products/eyewear?sort=plrty&q=Gender_s%3AMen%20Only%5EUnisex%7C
https://www.snapdeal.com,https://www.snapdeal.com/products/lifestyle-sunglasses?sort=plrty
https://www.snapdeal.com,https://www.snapdeal.com/products/watches-men
https://www.snapdeal.com,https://www.snapdeal.com/products/fashion-mens-jewellery?sort=plrty
https://www.snapdeal.com,https://www.snapdeal.com/products/fashion-men
https://www.snapdeal.com,https://www.snapdeal.com/products/mens-wallets?sort=plrty
https://www.snapdeal.com,https://www.snapdeal.com/products/lifestyle-belts
https://www.snapdeal.com,https://www.snapdeal.com/products/fashion-caps-hats?sort=plrty
https://www.snapdeal.com,https://www.snapdeal.com/products/lifestyle-gift-sets
https://www.snapdeal.com,https://www.snapdeal.com/products/lifestyle-necktie?sort=plrty
https://www.snapdeal.com,https://www.snapdeal.com/products/mens-card-holder?sort=plrty
https://www.snapdeal.com,https://www.snapdeal.com/products/fashion-keychains?sort=plrty
https://www.snapdeal.com,https://www.snapdeal.com/products/fashion-suspenders
https://www.snapdeal.com,https://www.snapdeal.com/products/men-apparel?q=Topbrands_s%3Abranded%7ChpsaScore_tf1%3A1%7Cdiscount%3A40%20-%2080%7C&sort=plrty
https://www.snapdeal.com,https://www.snapdeal.com/products/women-ethnicwear
https://www.snapdeal.com,https://www.snapdeal.com/products/women-apparel-sarees
https://www.snapdeal.com,https://www.snapdeal.com/products/women-apparel-kurtis?sort=plrty
https://www.snapdeal.com,https://www.snapdeal.com/products/women-apparel-lehenga
https://www.snapdeal.com,https://www.snapdeal.com/products/women-apparel-suits?sort=plrty
https://www.snapdeal.com,https://www.snapdeal.com/products/women-apparel-salwars-churidars?sort=plrty
https://www.snapdeal.com,https://www.snapdeal.com/products/women-ethnicwear-sarees-essential?sort=plrty
https://www.snapdeal.com,https://www.snapdeal.com/products/women-ethnicwear?sort=plrty
https://www.snapdeal.com,https://www.snapdeal.com/products/womens-footwear
https://www.snapdeal.com,https://www.snapdeal.com/products/womens-footwear-heeled-slipon-pump
https://www.snapdeal.com,https://www.snapdeal.com/products/womens-footwear-sandal
https://www.snapdeal.com,https://www.snapdeal.com/products/womens-footwear-slippers-floaters
https://www.snapdeal.com,https://www.snapdeal.com/products/womens-footwear-ballerina?sort=plrty
https://www.snapdeal.com,https://www.snapdeal.com/products/womens-footwear-casual-shoes
https://www.snapdeal.com,https://www.snapdeal.com/products/womens-footwear-sports-shoes
https://www.snapdeal.com,https://www.snapdeal.com/products/womens-footwear-ethnic?sort=plrty
https://www.snapdeal.com,https://www.snapdeal.com/products/womens-footwear-floater-sandal?sort=plrty
https://www.snapdeal.com,https://www.snapdeal.com/products/womens-footwear?sort=plrty
https://www.snapdeal.com,https://www.snapdeal.com/products/fragrances-women?sort=plrty
https://www.snapdeal.com,https://www.snapdeal.com/products/perfumes-women?sort=plrty
https://www.snapdeal.com,https://www.snapdeal.com/products/deodorants-women?sort=plrty
https://www.snapdeal.com,https://www.snapdeal.com/products/women-apparel
https://www.snapdeal.com,https://www.snapdeal.com/products/dresses-gowns-jumpsuits?sort=plrty
https://www.snapdeal.com,https://www.snapdeal.com/products/women-apparel-tops-tunics
https://www.snapdeal.com,https://www.snapdeal.com/products/women-apparel-tees?sort=plrty
https://www.snapdeal.com,https://www.snapdeal.com/products/women-apparel-shirts-blouses?sort=plrty
https://www.snapdeal.com,https://www.snapdeal.com/products/women-apparel-trousers-denims?sort=plrty
https://www.snapdeal.com,https://www.snapdeal.com/products/women-apparel-pants-palazzos?sort=plrty
https://www.snapdeal.com,https://www.snapdeal.com/products/women-apparel-innerwear?sort=plrty
https://www.snapdeal.com,https://www.snapdeal.com/products/women-apparel-sleep-loungewear?sort=plrty
https://www.snapdeal.com,https://www.snapdeal.com/products/women-apparel-sportswear?sort=plrty
https://www.snapdeal.com,https://www.snapdeal.com/products/women-apparel?sort=plrty
https://www.snapdeal.com,https://www.snapdeal.com/products/women-apparel-winterwear?sort=plrty
https://www.snapdeal.com,https://www.snapdeal.com/products/women-apparel-outerwear-jackets?sort=plrty
https://www.snapdeal.com,https://www.snapdeal.com/products/women-apparel-sweatshirts?sort=plrty
https://www.snapdeal.com,https://www.snapdeal.com/products/women-apparel-sweaters-cardigans?sort=plrty
https://www.snapdeal.com,https://www.snapdeal.com/products/women-apparel-shrugs-waistcoats?sort=plrty
https://www.snapdeal.com,https://www.snapdeal.com/products/maternity-wear?sort=plrty
https://www.snapdeal.com,https://www.snapdeal.com/products/handbags-clutches
https://www.snapdeal.com,https://www.snapdeal.com/products/lifestyle-handbags-wallets?sort=plrty
https://www.snapdeal.com,https://www.snapdeal.com/products/women-wallets?sort=plrty
https://www.snapdeal.com,https://www.snapdeal.com/products/bags-clutches?sort=plrty
https://www.snapdeal.com,https://www.snapdeal.com/products/bags-utility
https://www.snapdeal.com,https://www.snapdeal.com/products/eyewear?sort=plrty
https://www.snapdeal.com,https://www.snapdeal.com/products/lifestyle-sunglasses
https://www.snapdeal.com,https://www.snapdeal.com/products/lifestyle-frames
https://www.snapdeal.com,https://www.snapdeal.com/products/watches-women
https://www.snapdeal.com,https://www.snapdeal.com/products/jewellery-fashion?sort=plrty
https://www.snapdeal.com,https://www.snapdeal.com/products/jewelry-necklaces-sets?sort=plrty
https://www.snapdeal.com,https://www.snapdeal.com/products/jewelry-earrings?sort=plrty
https://www.snapdeal.com,https://www.snapdeal.com/products/jewelry-bangles-bracelets?sort=plrty
https://www.snapdeal.com,https://www.snapdeal.com/products/jewelry-pendant-sets?sort=plrty
https://www.snapdeal.com,https://www.snapdeal.com/products/jewellery-fashion
https://www.snapdeal.com,https://www.snapdeal.com/products/jewelry-coins-bars?sort=plrty
https://www.snapdeal.com,https://www.snapdeal.com/products/fashion-women?sort=plrty
https://www.snapdeal.com,https://www.snapdeal.com/products/women-hair-accessories?sort=plrty
https://www.snapdeal.com,https://www.snapdeal.com/products/women-stoles-scarves?sort=plrty
https://www.snapdeal.com,https://www.snapdeal.com/products/women-socks-stockings?sort=plrty
https://www.snapdeal.com,https://www.snapdeal.com/products/watches-women?q=hpsaScore_tf1%3A1%7Cdiscount%3A50%20-%2060%5E60%20-%2070%5E70%20-%2080%5E80%20-%2090%7C&sort=plrty
https://www.snapdeal.com,https://www.snapdeal.com/products/appliances-kitchen
https://www.snapdeal.com,https://www.snapdeal.com/products/appliances-juicer-mixer-grinders
https://www.snapdeal.com,http://www.snapdeal.com/products/appliances-water-purifiers
https://www.snapdeal.com,https://www.snapdeal.com/products/appliances-gas-stoves-hobs
https://www.snapdeal.com,https://www.snapdeal.com/products/appliances-induction-cookers
https://www.snapdeal.com,https://www.snapdeal.com/products/appliances-coffee-makers-kettles
https://www.snapdeal.com,https://www.snapdeal.com/products/appliances-choppers-blenders
https://www.snapdeal.com,https://www.snapdeal.com/products/sandwich-makers?sort=plrty
https://www.snapdeal.com,https://www.snapdeal.com/products/appliances-toasters-roti-makers
https://www.snapdeal.com,https://www.snapdeal.com/products/appliances-rice-cookers-steamers
https://www.snapdeal.com,https://www.snapdeal.com/products/appliances-kitchen?sort=plrty
https://www.snapdeal.com,https://www.snapdeal.com/products/home-kitchen
https://www.snapdeal.com,https://www.snapdeal.com/products/home-kitchen-cookware-bakeware/
https://www.snapdeal.com,https://www.snapdeal.com/products/home-kitchen-kitchen-storage
https://www.snapdeal.com,https://www.snapdeal.com/products/home-kitchen-dining-serving
https://www.snapdeal.com,https://www.snapdeal.com/products/home-kitchen-cutting-cooking-tools
https://www.snapdeal.com,https://www.snapdeal.com/products/pressure-cookers?sort=plrty
https://www.snapdeal.com,https://www.snapdeal.com/products/water-bottles?sort=plrty
https://www.snapdeal.com,https://www.snapdeal.com/products/home-kitchen-tea-coffee-serveware
https://www.snapdeal.com,https://www.snapdeal.com/products/home-kitchen-bar-glassware
https://www.snapdeal.com,https://www.snapdeal.com/products/home-kitchen?sort=plrty
https://www.snapdeal.com,https://www.snapdeal.com/products/home-furnishing
https://www.snapdeal.com,https://www.snapdeal.com/products/home-kitchen-bed-linen
https://www.snapdeal.com,https://www.snapdeal.com/products/bathroom-furnishing
https://www.snapdeal.com,https://www.snapdeal.com/products/home-furnishing-blankets-quilts
https://www.snapdeal.com,https://www.snapdeal.com/products/home-kitchen-curtains-blinds
https://www.snapdeal.com,https://www.snapdeal.com/products/home-furnishing-mattress-protectors
https://www.snapdeal.com,https://www.snapdeal.com/products/home-furnishing?sort=plrty
https://www.snapdeal.com,https://www.snapdeal.com/products/home-kitchen-home-decoratives
https://www.snapdeal.com,https://www.snapdeal.com/products/home-kitchen-lamps
https://www.snapdeal.com,https://www.snapdeal.com/products/home-kitchen-wall-decor
https://www.snapdeal.com,https://www.snapdeal.com/products/home-kitchen-home-decor?sort=plrty
https://www.snapdeal.com,https://www.snapdeal.com/products/home-kitchen-religion-spirituality
https://www.snapdeal.com,https://www.snapdeal.com/products/led-bulbs?sort=plrty
https://www.snapdeal.com,https://www.snapdeal.com/products/home-kitchen-home-decoratives?sort=plrty
https://www.snapdeal.com,https://www.snapdeal.com/products/home-improvement
https://www.snapdeal.com,https://www.snapdeal.com/products/home-improvement-utility
https://www.snapdeal.com,https://www.snapdeal.com/products/home-cleaning-mops?sort=plrty
https://www.snapdeal.com,https://www.snapdeal.com/products/home-kitchen-gardening
https://www.snapdeal.com,https://www.snapdeal.com/products/home-utility-ironing-boards?sort=plrty
https://www.snapdeal.com,https://www.snapdeal.com/products/home-kitchen-home-cleaning
https://www.snapdeal.com,https://www.snapdeal.com/products/home-utility-laundry-bath-accessories?sort=plrty
https://www.snapdeal.com,https://www.snapdeal.com/products/kitchen-bathroom-fittings
https://www.snapdeal.com,https://www.snapdeal.com/products/home-kitchen-hardware-fixtures
https://www.snapdeal.com,https://www.snapdeal.com/products/home-kitchen-sanitary-bathroom-fittings
https://www.snapdeal.com,https://www.snapdeal.com/products/kitchen-bathroom-fittings-electrical-equipment
https://www.snapdeal.com,https://www.snapdeal.com/products/kitchen-bathroom-fittings-taps-faucets
https://www.snapdeal.com,https://www.snapdeal.com/products/safes-locks-door-fittings
https://www.snapdeal.com,https://www.snapdeal.com/products/kitchen-bathroom-fittings-sanitaryware
https://www.snapdeal.com,https://www.snapdeal.com/products/kitchen-bathroom-fittings?sort=plrty
https://www.snapdeal.com,https://www.snapdeal.com/products/home-kitchen-pet-supplies
https://www.snapdeal.com,https://www.snapdeal.com/products/dog-supplies?sort=plrty&showAds=false
https://www.snapdeal.com,https://www.snapdeal.com/products/cat-supplies?sort=plrty&showAds=false
https://www.snapdeal.com,https://www.snapdeal.com/products/aquatic-supplies?sort=plrty&showAds=false
https://www.snapdeal.com,https://www.snapdeal.com/products/bird-supplies?sort=plrty
https://www.snapdeal.com,https://www.snapdeal.com/products/home-kitchen-pet-supplies?sort=plrty&showAds=false
https://www.snapdeal.com,https://www.snapdeal.com/products/kids-toys
https://www.snapdeal.com,https://www.snapdeal.com/products/car-toys?sort=plrty
https://www.snapdeal.com,https://www.snapdeal.com/products/kids-toys-electronic-toys
https://www.snapdeal.com,https://www.snapdeal.com/products/kids-toys-action-games-figures?sort=plrty
https://www.snapdeal.com,https://www.snapdeal.com/products/kids-toys-ride-ons
https://www.snapdeal.com,https://www.snapdeal.com/products/kids-toys-outdoor-sports-accessories?sort=plrty
https://www.snapdeal.com,https://www.snapdeal.com/products/kids-toys-soft-toys
https://www.snapdeal.com,https://www.snapdeal.com/products/kids-toys-educational-products
https://www.snapdeal.com,https://www.snapdeal.com/products/kids-toys-baby-toys-accessories?sort=plrty
https://www.snapdeal.com,https://www.snapdeal.com/products/kids-toys-dolls
https://www.snapdeal.com,https://www.snapdeal.com/products/kids-toys-activity-sets?sort=plrty
https://www.snapdeal.com,https://www.snapdeal.com/products/kids-toys-indoor-games-puzzles?sort=plrty
https://www.snapdeal.com,https://www.snapdeal.com/products/kids-toys-party-supplies
https://www.snapdeal.com,https://www.snapdeal.com/products/kids-toys-bicycles-tricycles
https://www.snapdeal.com,https://www.snapdeal.com/products/kids-footwear
https://www.snapdeal.com,https://www.snapdeal.com/products/kids-footwear-boys?sort=plrty
https://www.snapdeal.com,https://www.snapdeal.com/products/kids-footwear-girls?sort=plrty
https://www.snapdeal.com,https://www.snapdeal.com/products/kids-footwear-infants?sort=plrty
https://www.snapdeal.com,https://www.snapdeal.com/products/fashion-kids?sort=plrty
https://www.snapdeal.com,https://www.snapdeal.com/products/eyewear-kids?sort=plrty
https://www.snapdeal.com,https://www.snapdeal.com/products/watches-kids?sort=plrty
https://www.snapdeal.com,https://www.snapdeal.com/products/kids-clothing
https://www.snapdeal.com,https://www.snapdeal.com/products/girls-clothing?sort=plrty
https://www.snapdeal.com,https://www.snapdeal.com/products/girls-clothing-sets?sort=plrty
https://www.snapdeal.com,https://www.snapdeal.com/products/girls-clothing-frocks-dresses?sort=plrty
https://www.snapdeal.com,https://www.snapdeal.com/products/girls-clothing-tops-tees-tshirts?sort=plrty
https://www.snapdeal.com,https://www.snapdeal.com/products/girls-clothing-jumpsuit-dungarees?sort=plrty
https://www.snapdeal.com,https://www.snapdeal.com/products/girls-clothing-sweatshirts?sort=plrty
https://www.snapdeal.com,https://www.snapdeal.com/products/girls-clothing-jackets?sort=plrty
https://www.snapdeal.com,https://www.snapdeal.com/products/girls-clothing-jeans-pants?sort=plrty
https://www.snapdeal.com,https://www.snapdeal.com/products/boys-clothing?sort=plrty
https://www.snapdeal.com,https://www.snapdeal.com/products/boys-clothing-sets?sort=plrty
https://www.snapdeal.com,https://www.snapdeal.com/products/boys-clothing-tshirt-polo?sort=plrty
https://www.snapdeal.com,https://www.snapdeal.com/products/boys-clothing-shirts?sort=plrty
https://www.snapdeal.com,https://www.snapdeal.com/products/boys-clothing-trackpants?sort=plrty
https://www.snapdeal.com,https://www.snapdeal.com/products/boys-clothing-denims-jeans?sort=plrty
https://www.snapdeal.com,https://www.snapdeal.com/products/boys-clothing-sweatshirts?sort=plrty
https://www.snapdeal.com,https://www.snapdeal.com/products/baby-clothing?sort=plrty
https://www.snapdeal.com,https://www.snapdeal.com/products/baby-clothing-top-bottom-sets?sort=plrty
https://www.snapdeal.com,https://www.snapdeal.com/products/baby-clothing-tshirts-tops?sort=plrty
https://www.snapdeal.com,https://www.snapdeal.com/products/baby-clothing-girls-dresses?sort=plrty
https://www.snapdeal.com,https://www.snapdeal.com/products/baby-clothing-jeans-pants?sort=plrty
https://www.snapdeal.com,https://www.snapdeal.com/products/baby-clothing-winter-wear?sort=plrty
https://www.snapdeal.com,https://www.snapdeal.com/products/baby-care?sort=plrty
https://www.snapdeal.com,https://www.snapdeal.com/products/baby-mosquito-nets?sort=plrty
https://www.snapdeal.com,https://www.snapdeal.com/products/baby-blankets-quilts?sort=plrty
https://www.snapdeal.com,https://www.snapdeal.com/products/baby-carriers?sort=plrty
https://www.snapdeal.com,https://www.snapdeal.com/products/kids-strollers?sort=plrty
https://www.snapdeal.com,https://www.snapdeal.com/products/kids-walkers?sort=plrty
https://www.snapdeal.com,https://www.snapdeal.com/products/kids-toys-baby-feeding?sort=plrty
https://www.snapdeal.com,https://www.snapdeal.com/products/office-equipment-lab?sort=plrty
https://www.snapdeal.com,https://www.snapdeal.com/products/stationery?sort=plrty
https://www.snapdeal.com,http://www.snapdeal.com/products/stationery-pens-marker?sort=plrty
https://www.snapdeal.com,https://www.snapdeal.com/products/stationery-school-supplies-pencil-boxes?sort=plrty
https://www.snapdeal.com,https://www.snapdeal.com/products/stationery-basic-supplies-files-folders?sort=plrty
https://www.snapdeal.com,http://www.snapdeal.com/products/stationery-calculators?sort=plrty
https://www.snapdeal.com,https://www.snapdeal.com/products/stationery-basic-supplies-diaries-planners?sort=plrty
https://www.snapdeal.com,https://www.snapdeal.com/products/stationery-basic-supplies-printing-papers?sort=plrty
https://www.snapdeal.com,https://www.snapdeal.com/products/stationery-basic-supplies-notebooks-writing-pads?sort=plrty
https://www.snapdeal.com,http://www.snapdeal.com/products/stationery-art-craft-supplies
https://www.snapdeal.com,https://www.snapdeal.com/products/stationery-basic-supplies-photo-paper?sort=plrty
https://www.snapdeal.com,https://www.snapdeal.com/products/stationery-basic-supplies-tapes?sort=plrty
https://www.snapdeal.com,https://www.snapdeal.com/products/stationery-basic-supplies-card-holders?sort=plrty
https://www.snapdeal.com,https://www.snapdeal.com/products/stationery-basic-supplies-staplers-punches?sort=plrty
https://www.snapdeal.com,https://www.snapdeal.com/products/kids-toys?q=Occasion_s%3AKids%20Bestselling%20Sale%20Toys%7Cdiscount%3A40%20-%2090%7C&sort=plrty
https://www.snapdeal.com,https://www.snapdeal.com/products/beauty
https://www.snapdeal.com,https://www.snapdeal.com/products/make-up-face?sort=plrty
https://www.snapdeal.com,https://www.snapdeal.com/products/make-up-eyes?sort=plrty
https://www.snapdeal.com,https://www.snapdeal.com/products/make-up-lips?sort=plrty
https://www.snapdeal.com,https://www.snapdeal.com/products/make-up-nails?sort=plrty
https://www.snapdeal.com,https://www.snapdeal.com/products/makeup-kits?sort=plrty
https://www.snapdeal.com,https://www.snapdeal.com/products/make-up-brushes-applicators?sort=plrty
https://www.snapdeal.com,https://www.snapdeal.com/products/personal-care-grooming
https://www.snapdeal.com,https://www.snapdeal.com/products/perfumes-beauty-skin-care?sort=plrty
https://www.snapdeal.com,https://www.snapdeal.com/products/perfumes-beauty-hair-care?sort=plrty
https://www.snapdeal.com,https://www.snapdeal.com/products/beauty-bath-shower?sort=plrty
https://www.snapdeal.com,https://www.snapdeal.com/products/perfumes-beauty-oral-care?sort=plrty
https://www.snapdeal.com,https://www.snapdeal.com/products/perfumes-beauty-mens-grooming?sort=plrty
https://www.snapdeal.com,https://www.snapdeal.com/products/perfumes-beauty-feminine-care?sort=plrty
https://www.snapdeal.com,https://www.snapdeal.com/products/personal-care-waxing-hair-removal?sort=plrty
https://www.snapdeal.com,https://www.snapdeal.com/products/deodorants-roll-on?sort=plrty
https://www.snapdeal.com,https://www.snapdeal.com/products/sexual-wellness
https://www.snapdeal.com,https://www.snapdeal.com/products/sexual-wellness-condoms?sort=plrty
https://www.snapdeal.com,https://www.snapdeal.com/products/sexual-wellness-lubricants
https://www.snapdeal.com,https://www.snapdeal.com/products/sexual-wellness-toys
https://www.snapdeal.com,https://www.snapdeal.com/products/sexual-wellness-performance-enlargement
https://www.snapdeal.com,https://www.snapdeal.com/products/sexy-lingerie-nightwear-role-play
https://www.snapdeal.com,https://www.snapdeal.com/products/food
https://www.snapdeal.com,https://www.snapdeal.com/products/food-tea-coffee-beverages
https://www.snapdeal.com,https://www.snapdeal.com/products/food-noodles-soups-pasta
https://www.snapdeal.com,https://www.snapdeal.com/products/food-biscuits-snacks
https://www.snapdeal.com,https://www.snapdeal.com/products/food-breakfast
https://www.snapdeal.com,https://www.snapdeal.com/products/food-ready-to-cook-eat
https://www.snapdeal.com,https://www.snapdeal.com/products/food-sauces-dressings
https://www.snapdeal.com,https://www.snapdeal.com/products/food-baking-essentials
https://www.snapdeal.com,https://www.snapdeal.com/products/food-chocolates-mints
https://www.snapdeal.com,https://www.snapdeal.com/products/food-staples-oils-spices
https://www.snapdeal.com,https://www.snapdeal.com/products/food-dry-fruits-nuts-gifts-boxes
https://www.snapdeal.com,https://www.snapdeal.com/products/dietary-supplements
https://www.snapdeal.com,https://www.snapdeal.com/products/health-nutrition-proteins?sort=plrty
https://www.snapdeal.com,https://www.snapdeal.com/products/health-supplements?sort=plrty
https://www.snapdeal.com,https://www.snapdeal.com/products/health-supplements-meals-replacements?sort=plrty
https://www.snapdeal.com,https://www.snapdeal.com/products/health-nutrition-proteins-supplements-gainers?sort=plrty
https://www.snapdeal.com,https://www.snapdeal.com/products/health-nutrition-proteins-supplements-pre-workout?sort=plrty
https://www.snapdeal.com,https://www.snapdeal.com/products/health-nutrition-proteins-supplements-post-workout?sort=plrty
https://www.snapdeal.com,https://www.snapdeal.com/products/health-monitors-devices
https://www.snapdeal.com,https://www.snapdeal.com/products/health-heart-rate-bp-monitor?sort=plrty
https://www.snapdeal.com,https://www.snapdeal.com/products/health-diabetes-care
https://www.snapdeal.com,https://www.snapdeal.com/products/health-monitoring-weighing-scales?sort=plrty
https://www.snapdeal.com,https://www.snapdeal.com/products/health-monitoring-devices-body-fat-analyzers
https://www.snapdeal.com,https://www.snapdeal.com/products/heath-devices-respiratory-care?sort=plrty
https://www.snapdeal.com,https://www.snapdeal.com/products/heath-devices-thermometers?sort=plrty
https://www.snapdeal.com,https://www.snapdeal.com/products/daily-needs-general-wellness
https://www.snapdeal.com,https://www.snapdeal.com/products/health-massagers-pain-relief?sort=plrty
https://www.snapdeal.com,https://www.snapdeal.com/products/general-wellness-mobility-aids-safety?sort=plrty
https://www.snapdeal.com,https://www.snapdeal.com/products/general-wellness-first-aid?sort=plrty
https://www.snapdeal.com,https://www.snapdeal.com/products/health-smoking-cessation-nicotine-gums?sort=plrty
https://www.snapdeal.com,http://www.snapdeal.com/products/baby-care
https://www.snapdeal.com,https://www.snapdeal.com/products/kids-toys-diapers
https://www.snapdeal.com,https://www.snapdeal.com/products/kids-toys-infant-care
https://www.snapdeal.com,https://www.snapdeal.com/products/baby-food
https://www.snapdeal.com,https://www.snapdeal.com/products/household-essentials
https://www.snapdeal.com,https://www.snapdeal.com/products/household-essentials-detergents-fabric-care
https://www.snapdeal.com,https://www.snapdeal.com/products/household-essentials-house-kitchen-cleaners
https://www.snapdeal.com,https://www.snapdeal.com/products/household-essentials-repellents
https://www.snapdeal.com,https://www.snapdeal.com/products/perfumes-beauty-car-perfumes-air-freshners?sort=plrty
https://www.snapdeal.com,https://www.snapdeal.com/products/daily-needs/?q=HighConversion_s%3AHC%7ChpsaScore_tf1%3A1%7C&showAds=false&sort=plrty
https://www.snapdeal.com,https://www.snapdeal.com/products/automotive
https://www.snapdeal.com,https://www.snapdeal.com/products/car-vehicle-electronics?sort=plrty
https://www.snapdeal.com,https://www.snapdeal.com/products/car-bluetooth-devices?sort=plrty
https://www.snapdeal.com,https://www.snapdeal.com/products/gps-tracking-devices?sort=plrty
https://www.snapdeal.com,https://www.snapdeal.com/products/automotive-car-interior
https://www.snapdeal.com,https://www.snapdeal.com/products/car-exterior-accessories-car-body-covers
https://www.snapdeal.com,https://www.snapdeal.com/products/car-interior-accessories/filters/Type_s~Car%20Mobile%20Chargers?sort=plrty
https://www.snapdeal.com,https://www.snapdeal.com/products/automotive-car-interior/filters/Type_s~Car%20Mobile%20Holders?sort=plrty
https://www.snapdeal.com,https://www.snapdeal.com/products/car-freshners?sort=plrty
https://www.snapdeal.com,https://www.snapdeal.com/products/car-air-purifiers-lonizers?sort=plrty
https://www.snapdeal.com,https://www.snapdeal.com/products/automotive-bike-accessories
https://www.snapdeal.com,https://www.snapdeal.com/products/automotive-bike-accessories-bike-body-covers
https://www.snapdeal.com,https://www.snapdeal.com/products/biker-protective-gear
https://www.snapdeal.com,https://www.snapdeal.com/products/biker-protective-gear-rain-coats?sort=plrty
https://www.snapdeal.com,https://www.snapdeal.com/products/automotive-helmets
https://www.snapdeal.com,https://www.snapdeal.com/products/bike-helmets-locks-accessories?sort=plrty
https://www.snapdeal.com,https://www.snapdeal.com/products/automotive-car-parts
https://www.snapdeal.com,https://www.snapdeal.com/products/automotive-filters
https://www.snapdeal.com,https://www.snapdeal.com/products/automotive-lighting-electrical
https://www.snapdeal.com,https://www.snapdeal.com/products/automotive-exterior-parts?sort=plrty&
https://www.snapdeal.com,https://www.snapdeal.com/products/mobiles-cases-covers
https://www.snapdeal.com,https://www.snapdeal.com/products/mobiles-printed-back-covers?sort=plrty
https://www.snapdeal.com,https://www.snapdeal.com/products/mobiles-plain-back-covers?sort=plrty
https://www.snapdeal.com,https://www.snapdeal.com/products/mobiles-flip-cases-covers?sort=plrty
https://www.snapdeal.com,https://www.snapdeal.com/products/mobiles-screen-guards
https://www.snapdeal.com,https://www.snapdeal.com/products/mobiles-cases-covers?sort=plrty
https://www.snapdeal.com,https://www.snapdeal.com/products/mobiles-accessories
https://www.snapdeal.com,https://www.snapdeal.com/products/mobiles-cables-chargers
https://www.snapdeal.com,https://www.snapdeal.com/products/mobiles-power-banks
https://www.snapdeal.com,https://www.snapdeal.com/products/mobiles-selfie-sticks
https://www.snapdeal.com,https://www.snapdeal.com/products/mobile-enhancements?sort=plrty
https://www.snapdeal.com,https://www.snapdeal.com/products/mobiles-memory-cards?sort=plrty
https://www.snapdeal.com,https://www.snapdeal.com/products/electronics-speakers
https://www.snapdeal.com,https://www.snapdeal.com/products/electronics-home-audio-systems
https://www.snapdeal.com,https://www.snapdeal.com/products/electronics-bluetooth-speakers?sort=plrty
https://www.snapdeal.com,https://www.snapdeal.com/products/computers-speakers
https://www.snapdeal.com,https://www.snapdeal.com/products/electronic-headphones-earphones?sort=plrty
https://www.snapdeal.com,https://www.snapdeal.com/products/electronics-headphones?sort=plrty
https://www.snapdeal.com,https://www.snapdeal.com/products/electronics-earphones?sort=plrty
https://www.snapdeal.com,https://www.snapdeal.com/products/computers-headphones-mics?sort=plrty
https://www.snapdeal.com,https://www.snapdeal.com/products/electronic
https://www.snapdeal.com,https://www.snapdeal.com/products/electronics-projectors?sort=plrty
https://www.snapdeal.com,https://www.snapdeal.com/products/electronics-audio-video-accessories?sort=plrty
https://www.snapdeal.com,http://www.snapdeal.com/products/appliances-large
https://www.snapdeal.com,https://www.snapdeal.com/products/geysers?sort=plrty
https://www.snapdeal.com,https://www.snapdeal.com/products/immersion-rod?sort=plrty
https://www.snapdeal.com,https://www.snapdeal.com/products/room-heaters?sort=plrty
https://www.snapdeal.com,https://www.snapdeal.com/products/appliances-fans
https://www.snapdeal.com,https://www.snapdeal.com/products/appliances-ceiling-fans?q=Price%3A999%2C7000%7ChpsaScore_tf1%3A1%7C&sort=plrty
https://www.snapdeal.com,https://www.snapdeal.com/products/appliances-table-fans?sort=plrty&q=avgRating%3A3.0%7C
https://www.snapdeal.com,https://www.snapdeal.com/products/appliances-exhaust-fans?sort=plrty&q=avgRating%3A3.0%7C
https://www.snapdeal.com,https://www.snapdeal.com/products/appliances-home
https://www.snapdeal.com,https://www.snapdeal.com/products/appliances-microwave-ovens-otgs?sort=plrty
https://www.snapdeal.com,https://www.snapdeal.com/products/appliances-air-purifiers
https://www.snapdeal.com,https://www.snapdeal.com/products/appliances-vacuum-cleaners
https://www.snapdeal.com,https://www.snapdeal.com/products/appliances-iron
https://www.snapdeal.com,https://www.snapdeal.com/products/electronic-telephones
https://www.snapdeal.com,https://www.snapdeal.com/products/appliances-home-security
https://www.snapdeal.com,https://www.snapdeal.com/products/appliances-outdoor-utility-appliances
https://www.snapdeal.com,http://www.snapdeal.com/products/appliances-personal-care-appliances
https://www.snapdeal.com,http://www.snapdeal.com/products/trimmers
https://www.snapdeal.com,https://www.snapdeal.com/products/shavers
https://www.snapdeal.com,http://www.snapdeal.com/products/hair-dryers
https://www.snapdeal.com,https://www.snapdeal.com/products/hair-straightners
https://www.snapdeal.com,https://www.snapdeal.com/products/hair-stylers
https://www.snapdeal.com,https://www.snapdeal.com/products/sports-hobbies
https://www.snapdeal.com,https://www.snapdeal.com/products/sports-hobbies-fitness?sort=plrty
https://www.snapdeal.com,https://www.snapdeal.com/products/fitness-equipment-home-gym
https://www.snapdeal.com,https://www.snapdeal.com/products/fitness-equipment-dumbbells
https://www.snapdeal.com,https://www.snapdeal.com/products/fitness-equipment-abdominal-exerciser
https://www.snapdeal.com,https://www.snapdeal.com/products/fitness-equipment-exercise-bikes
https://www.snapdeal.com,https://www.snapdeal.com/products/sports-hobbies-fitness-accessories-yoga-mats?sort=plrty
https://www.snapdeal.com,https://www.snapdeal.com/products/fitness-equipment-exercise-benches
https://www.snapdeal.com,https://www.snapdeal.com/products/sports-hobbies-fitness-accessories-weighing-scales?sort=plrty&showAds=false
https://www.snapdeal.com,https://www.snapdeal.com/products/sports-hobbies-running?sort=plrty
https://www.snapdeal.com,https://www.snapdeal.com/products/sports-hobbies-fitness-accessories-sippers-bottles-shakers?sort=plrty
https://www.snapdeal.com,https://www.snapdeal.com/products/sports-hobbies-fitness-accessories-gym-gloves
https://www.snapdeal.com,https://www.snapdeal.com/products/health-nutrition
https://www.snapdeal.com,https://www.snapdeal.com/products/sports-hobbies-fitness-accessories-gym-bags?sort=plrty
https://www.snapdeal.com,https://www.snapdeal.com/products/sports-hobbies-sports?sort=plrty
https://www.snapdeal.com,https://www.snapdeal.com/products/sports-hobbies-cricket
https://www.snapdeal.com,https://www.snapdeal.com/products/sports-bicycles?sort=plrty&q=Seniority_s%3AKids%7C
https://www.snapdeal.com,https://www.snapdeal.com/products/sports-bicycles?sort=plrty&q=Seniority_s%3AAdult%7C
https://www.snapdeal.com,https://www.snapdeal.com/products/bicycles-spare-parts-accessories?sort=plrty
https://www.snapdeal.com,https://www.snapdeal.com/products/sports-hobbies-badminton?sort=plrty
https://www.snapdeal.com,https://www.snapdeal.com/products/sports-hobbies-football
https://www.snapdeal.com,https://www.snapdeal.com/products/sports-hobbies-basketball?sort=plrty&showAds=false
https://www.snapdeal.com,https://www.snapdeal.com/products/sports-hobbies-skating?sort=plrty
https://www.snapdeal.com,https://www.snapdeal.com/products/sports-archery?sort=plrty&showAds=false
https://www.snapdeal.com,https://www.snapdeal.com/products/sports-hobbies-outdoor-adventure-gear?sort=plrty
https://www.snapdeal.com,https://www.snapdeal.com/products/sports-hobbies-outdoor-adventure-gear-hiking-camping-tools-knives?sort=plrty
https://www.snapdeal.com,https://www.snapdeal.com/products/lifestyle-luggage?sort=plrty
https://www.snapdeal.com,https://www.snapdeal.com/products/sports-hobbies-cricket?q=Occasion_s%3ADiwali13%7ChpsaScore_tf1%3A1%7C&showAds=false&sort=plrty
https://www.snapdeal.com,https://www.snapdeal.com/products/computers-cartridges-toners
https://www.snapdeal.com,https://www.snapdeal.com/products/storage-devices
https://www.snapdeal.com,https://www.snapdeal.com/products/storage-memory-cards?sort=plrty
https://www.snapdeal.com,https://www.snapdeal.com/products/computers-pen-drives
https://www.snapdeal.com,https://www.snapdeal.com/products/networking-connected-devices?sort=plrty
https://www.snapdeal.com,https://www.snapdeal.com/products/computers-data-cards?sort=plrty
https://www.snapdeal.com,https://www.snapdeal.com/products/computers-computer-accessories
https://www.snapdeal.com,https://www.snapdeal.com/products/computers-keyboard
https://www.snapdeal.com,https://www.snapdeal.com/products/computers-mouse
https://www.snapdeal.com,https://www.snapdeal.com/products/computers-webcams?sort=plrty
https://www.snapdeal.com,https://www.snapdeal.com/products/laptop-skins?sort=plrty
https://www.snapdeal.com,https://www.snapdeal.com/products/computers-cooling-pads?sort=plrty
https://www.snapdeal.com,https://www.snapdeal.com/products/surge-protectors?sort=plrty
https://www.snapdeal.com,https://www.snapdeal.com/products/gaming
https://www.snapdeal.com,https://www.snapdeal.com/products/gaming-accessories?sort=plrty
https://www.snapdeal.com,https://www.snapdeal.com/products/gaming?sort=plrty
https://www.snapdeal.com,https://www.snapdeal.com/products/computers-components
https://www.snapdeal.com,https://www.snapdeal.com/products/computers-ram
https://www.snapdeal.com,https://www.snapdeal.com/products/computers-internal-hard-drives
https://www.snapdeal.com,https://www.snapdeal.com/products/computers-components?sort=plrty
https://www.snapdeal.com,https://www.snapdeal.com/products/computers-software-cd-roms?sort=plrty
https://www.snapdeal.com,https://www.snapdeal.com/products/computers-software-security?sort=plrty
https://www.snapdeal.com,https://www.snapdeal.com/products/computers-software-cd-roms?sort=bstslr
https://www.snapdeal.com,https://www.snapdeal.com/products/books
https://www.snapdeal.com,https://www.snapdeal.com/products/books-competitive-exams?sort=plrty&q=Exam_s%3AGATE%7C
https://www.snapdeal.com,https://www.snapdeal.com/products/books-competitive-exams?sort=plrty&q=Exam_s%3AIIT%20JEE%7C
https://www.snapdeal.com,https://www.snapdeal.com/products/books-competitive-exams?sort=plrty&q=Exam_s%3ANEET%7C
https://www.snapdeal.com,https://www.snapdeal.com/products/books-competitive-exams?sort=plrty&q=Exam_s%3AIBPS%20PO%5ESBI%20PO%7C
https://www.snapdeal.com,https://www.snapdeal.com/products/books-competitive-exams?sort=plrty&q=Exam_s%3AUGC%20NET%7C
https://www.snapdeal.com,https://www.snapdeal.com/products/books-competitive-exams?sort=plrty&q=Exam_s%3AUPSC%7C
https://www.snapdeal.com,https://www.snapdeal.com/products/books?sort=plrty
https://www.snapdeal.com,https://www.snapdeal.com/products/books-school?sort=plrty
https://www.snapdeal.com,https://www.snapdeal.com/products/books-competitive-exams?sort=plrty
https://www.snapdeal.com,https://www.snapdeal.com/products/books-academic-professional?sort=plrty
https://www.snapdeal.com,https://www.snapdeal.com/products/books-children-teen?sort=plrty
https://www.snapdeal.com,https://www.snapdeal.com/products/non-fiction-books?sort=plrty
https://www.snapdeal.com,https://www.snapdeal.com/products/books-fiction-literature?sort=plrty
https://www.snapdeal.com,https://www.snapdeal.com/products/books-self-help?sort=plrty
https://www.snapdeal.com,https://www.snapdeal.com/products/books-reference?sort=plrty
https://www.snapdeal.com,https://www.snapdeal.com/products/e-learning?sort=plrty&showAds=False
https://www.snapdeal.com,https://www.snapdeal.com/products/e-learning-school-education?sort=plrty
https://www.snapdeal.com,https://www.snapdeal.com/products/e-learning-competitive-exams?sort=plrty
https://www.snapdeal.com,https://www.snapdeal.com/products/musical-instruments-classical
https://www.snapdeal.com,https://www.snapdeal.com/products/musical-instruments-tabla?sort=plrty
https://www.snapdeal.com,https://www.snapdeal.com/products/musical-instruments-flutes
https://www.snapdeal.com,https://www.snapdeal.com/products/musical-instruments-others
https://www.snapdeal.com,https://www.snapdeal.com/products/musical-instruments-harmonicas
https://www.snapdeal.com,https://www.snapdeal.com/products/digital-entertainment
https://www.snapdeal.com,https://www.snapdeal.com/products/digital-entertainment?q=Brand%3ACleartrip%7C
https://www.snapdeal.com,https://www.snapdeal.com/products/digital-entertainment?q=Brand%3AMakeMyTrip%7C
https://www.snapdeal.com,https://www.snapdeal.com/products/books/filters/Quick_Picks_s~Pre-order?sort=plrty&q=Quick_Picks_s%3APre-order%7C
https://www.snapdeal.com,https://www.snapdeal.com/products/hobbies-art-supplies?sort=plrty
https://www.snapdeal.com,https://www.snapdeal.com/products/hobbies-collectibles?sort=plrty
https://www.snapdeal.com,https://www.snapdeal.com/products/home-improvement-utility?sort=rec&q=Price%3A79%2C1999%7C
https://www.snapdeal.com,https://www.snapdeal.com/product/india-100-envisioning-tomorrows-economic/635947174556
https://www.snapdeal.com,https://www.snapdeal.com/products/mens-footwear-sports-shoes?sort=plrty
https://www.snapdeal.com,https://www.snapdeal.com/products/women-apparel-kurtis?sort=rec&q=Price%3A199%2C1999%7C
https://www.snapdeal.com,https://www.snapdeal.com/products/home-kitchen-cookware-bakeware?sort=dhtl&q=Price%3A209%2C1999%7C
https://www.snapdeal.com,https://www.snapdeal.com/products/home-kitchen-bed-linen?sort=dhtl&q=Price%3A169%2C2801%7C
https://www.snapdeal.com,https://www.snapdeal.com/product/bhawna-collection-loard-shiv-trishul/672311651336
https://www.snapdeal.com,https://www.snapdeal.com/product/stay-healthy-silicone-heel-protector/682622706581
https://www.snapdeal.com,https://www.snapdeal.com/product/prd-pu-tan-casual-long/634235191285
https://www.snapdeal.com,https://www.snapdeal.com/product/aadi-black-casual-shoes/638773718836
https://www.snapdeal.com,https://www.snapdeal.com/product/bentag-vegetable-fruit-clever-cutter/646347118114
https://www.snapdeal.com,https://www.snapdeal.com/product/veirdo-multi-round-tshirt/679677667475
https://www.snapdeal.com,https://www.snapdeal.com/product/shiv-shakti-kavach-5-mukhi/669437838717
https://www.snapdeal.com,https://www.snapdeal.com/product/battlestar-tummy-trimmer-double-string/681974799800
https://www.snapdeal.com,https://www.snapdeal.com/products/mens-winter-wear-store
https://www.snapdeal.com,https://www.snapdeal.com/products/men-apparel-sweatshirts
https://www.snapdeal.com,https://www.snapdeal.com/products/casual-shirts
https://www.snapdeal.com,https://www.snapdeal.com/products/formal-shirts
https://www.snapdeal.com,https://www.snapdeal.com/products/men-apparel-sweatshirts/filters/NeckShape_s~Hooded
https://www.snapdeal.com,https://www.snapdeal.com/products/men-apparel-shirts/filters/Fabric_s~100%20Percent%20Cotton
https://www.snapdeal.com,https://www.snapdeal.com/products/men-apparel-tshirts
https://www.snapdeal.com,https://www.snapdeal.com/products/men-apparel-polo-tshirts
https://www.snapdeal.com,https://m.snapdeal.com/products/men-ethnic-wear-kurta-pyjama-sets
https://www.snapdeal.com,https://m.snapdeal.com/products/men-apparel-shirts/filters/Color_s~White
https://www.snapdeal.com,https://m.snapdeal.com/products/men-apparel-shirts/filters/Color_s~Black
https://www.snapdeal.com,https://m.snapdeal.com/products/men-apparel-trackpants
https://www.snapdeal.com,https://www.snapdeal.com/products/men-apparel-trousers
https://www.snapdeal.com,https://www.snapdeal.com/products/men-apparel-outerwear-jackets
https://www.snapdeal.com,https://www.snapdeal.com/products/men-apparel-trousers/filters/ShopbyOccasion_s~Formal
https://www.snapdeal.com,https://www.snapdeal.com/products/men-apparel-tracksuits
https://www.snapdeal.com,https://www.snapdeal.com/products/men-ethnic-wear-kurta-pyjama-sets/filters/Type_s~Kurta%20Pyjama%20Set
https://www.snapdeal.com,https://www.snapdeal.com/products/men-ethnic-wear-kurtas
https://www.snapdeal.com,https://www.snapdeal.com/products/mens-winter-apparel-suits-blazers
https://www.snapdeal.com,https://www.snapdeal.com/products/men-apparel-sweaters
https://www.snapdeal.com,https://www.snapdeal.com/products/women-apparel-kurtis
https://www.snapdeal.com,https://www.snapdeal.com/products/women-apparel-sarees/filters/Fabric_s~Cotton
https://www.snapdeal.com,https://www.snapdeal.com/products/women-apparel-sarees/filters/Fabric_s~Georgette
https://www.snapdeal.com,https://www.snapdeal.com/products/women-apparel-sarees/filters/Fabric_s~Chiffon
https://www.snapdeal.com,https://www.snapdeal.com/products/women-apparel-sarees/filters/Fabric_s~Net
https://www.snapdeal.com,https://www.snapdeal.com/products/dresses-gowns-jumpsuits
https://www.snapdeal.com,https://www.snapdeal.com/products/women-apparel-jumpsuits
https://www.snapdeal.com,https://www.snapdeal.com/products/women-apparel-trousers-denims/filters/Type_s~Jeans
https://www.snapdeal.com,https://www.snapdeal.com/products/women-apparel-suits
https://www.snapdeal.com,https://www.snapdeal.com/products/womens-innerwear-bras
https://www.snapdeal.com,https://www.snapdeal.com/products/women-apparel-outerwear-jackets
https://www.snapdeal.com,https://www.snapdeal.com/products/women-apparel-sleep-loungewear
https://www.snapdeal.com,https://www.snapdeal.com/products/women-apparel-sweatshirts
https://www.snapdeal.com,https://www.snapdeal.com/products/women-apparel-shorts-capris
https://www.snapdeal.com,https://www.snapdeal.com/products/women-ethnicwear-blouse-petticoat
https://www.snapdeal.com,https://www.snapdeal.com/products/women-apparel-dupattas
https://www.snapdeal.com,https://www.snapdeal.com/products/women-apparel-tees
https://www.snapdeal.com,https://www.snapdeal.com/products/women-apparel-shirts-blouses
https://www.snapdeal.com,https://www.snapdeal.com/products/women-apparel-skirts
https://www.snapdeal.com,https://www.snapdeal.com/products/women-apparel-dresses
https://www.snapdeal.com,https://www.snapdeal.com/products/women-apparel-salwars-churidars
https://www.snapdeal.com,https://www.snapdeal.com/products/footwear
https://www.snapdeal.com,https://www.snapdeal.com/products/mens-footwear-formal-shoes
https://www.snapdeal.com,https://www.snapdeal.com/products/mens-footwear-loafers
https://www.snapdeal.com,https://www.snapdeal.com/products/mens-footwear-slippers-floaters
https://www.snapdeal.com,https://www.snapdeal.com/products/mens-footwear-boots
https://www.snapdeal.com,https://www.snapdeal.com/products/mens-footwear-sandals
https://www.snapdeal.com,https://www.snapdeal.com/products/womens-footwear-floater-sandal
https://www.snapdeal.com,https://www.snapdeal.com/products/womens-footwear-boot
https://www.snapdeal.com,https://www.snapdeal.com/products/womens-footwear-ethnic
https://www.snapdeal.com,https://www.snapdeal.com/products/paintings
https://www.snapdeal.com,https://www.snapdeal.com/products/wall-stickers
https://www.snapdeal.com,https://www.snapdeal.com/products/dream-catcher
https://www.snapdeal.com,https://www.snapdeal.com/products/decor-rangoli
https://www.snapdeal.com,https://www.snapdeal.com/products/home-kitchen-clocks
https://www.snapdeal.com,https://www.snapdeal.com/products/wall-clocks
https://www.snapdeal.com,https://www.snapdeal.com/products/alarm-clocks
https://www.snapdeal.com,https://www.snapdeal.com/products/religion-spirituality-diyas
https://www.snapdeal.com,https://www.snapdeal.com/products/wall-hangings
https://www.snapdeal.com,https://www.snapdeal.com/products/ceiling-lights
https://www.snapdeal.com,https://www.snapdeal.com/products/table-lamps
https://www.snapdeal.com,https://www.snapdeal.com/products/hanging-lamps-ceiling-lights?sort=plrty
https://www.snapdeal.com,https://www.snapdeal.com/products/flashlights-torches
https://www.snapdeal.com,https://www.snapdeal.com/products/home-accents-florals-plants-vases
https://www.snapdeal.com,https://www.snapdeal.com/products/home-accents-key-chains
https://www.snapdeal.com,https://www.snapdeal.com/products/health-therapy-rudraksha
https://www.snapdeal.com,https://www.snapdeal.com/products/hand-tools-screwdrivers
https://www.snapdeal.com,https://www.snapdeal.com/products/lifestyle-watches
https://www.snapdeal.com,https://www.snapdeal.com/products/wearable-smartwatches?sort=plrty
https://www.snapdeal.com,https://www.snapdeal.com/products/boys-watches
https://www.snapdeal.com,https://m.snapdeal.com/products/girls-watches
https://www.snapdeal.com,https://www.snapdeal.com/products/bed-sheets
https://www.snapdeal.com,https://www.snapdeal.com/products/moquito-nets
https://www.snapdeal.com,https://www.snapdeal.com/products/curtains
https://www.snapdeal.com,https://www.snapdeal.com/products/sofa-covers
https://www.snapdeal.com,https://www.snapdeal.com/products/blankets
https://www.snapdeal.com,https://www.snapdeal.com/products/fibre-pillows
https://www.snapdeal.com,https://www.snapdeal.com/products/carpets
https://www.snapdeal.com,https://www.snapdeal.com/products/kitchen-aprons
https://www.snapdeal.com,https://www.snapdeal.com/products/quilt-comforter-rajai
https://www.snapdeal.com,https://www.snapdeal.com/products/floor-mats
https://www.snapdeal.com,https://www.snapdeal.com/products/bath-towels
https://www.snapdeal.com,https://www.snapdeal.com/products/pillow-covers
https://www.snapdeal.com,https://www.snapdeal.com/products/electronics-bluetooth-speakers
https://www.snapdeal.com,https://www.snapdeal.com/products/electronics-headphones
https://www.snapdeal.com,https://www.snapdeal.com/products/electronics-earphones
https://www.snapdeal.com,https://www.snapdeal.com/products/appliances-ceiling-fans
https://www.snapdeal.com,https://www.snapdeal.com/products/geysers
https://www.snapdeal.com,https://www.snapdeal.com/products/trimmers
https://www.snapdeal.com,https://www.snapdeal.com/products/hair-dryers
https://www.snapdeal.com,https://www.snapdeal.com/products/appliances-water-purifiers
https://www.snapdeal.com,https://www.snapdeal.com/products/appliances-mixer-grinders
https://www.snapdeal.com,https://www.snapdeal.com/products/electric-kettle
https://www.snapdeal.com,https://www.snapdeal.com/products/computer-cables
https://www.snapdeal.com,https://www.snapdeal.com/products/computers-software-security
https://www.snapdeal.com,https://www.snapdeal.com/products/mobiles-cases-covers/filters/Material_s~Leather
https://www.snapdeal.com,https://www.snapdeal.com/products/mobiles-printed-back-covers
https://www.snapdeal.com,https://www.snapdeal.com/products/mobiles-tempered-glass
https://paytmmall.com,https://paytmmall.com/shop/h/health-welllness-in-kolkata?use_sf=1
https://paytmmall.com,https://paytmmall.com/shop/h/shopping-deals?use_sf=1
https://paytmmall.com,https://paytmmall.com/shop/h/jewellery?use_sf=1
https://paytmmall.com,https://paytmmall.com/shop/h/furniture-brand-vouchers?use_sf=1
https://paytmmall.com,https://paytmmall.com/shop/h/entertainment-deals?use_sf=1
https://paytmmall.com,https://paytmmall.com/shop/h/health-wellness?use_sf=1
https://paytmmall.com,https://paytmmall.com/shop/h/travel-deals?use_sf=1
https://paytmmall.com,https://paytmmall.com/shop/g/deals-store/central-vouchers?src=store&from=storefront&use_mw=1
https://paytmmall.com,https://paytmmall.com/shop/g/deals-store/pantaloons?src=store&from=storefront&use_mw=1
https://paytmmall.com,https://paytmmall.com/shop/g/deals-store/us-polo-deals?src=store&from=storefront&use_mw=1
https://paytmmall.com,https://paytmmall.com/shop/g/deals-store/brand-factory-deals?src=store&from=storefront&use_mw=1
https://paytmmall.com,https://paytmmall.com/shop/g/deals-store/levis-deals?src=store&from=storefront&use_mw=1
https://paytmmall.com,https://paytmmall.com/shop/g/deals-store/only?src=store&from=storefront&use_mw=1
https://paytmmall.com,https://paytmmall.com/shop/g/deals-store/united-colors-of-benetton?src=store&from=storefront&use_mw=1
https://paytmmall.com,https://paytmmall.com/shop/g/deals-store/biba?src=store&from=storefront&use_mw=1
https://paytmmall.com,https://paytmmall.com/shop/g/deals-store/bewakoof?src=store&from=storefront&use_mw=1
https://paytmmall.com,https://paytmmall.com/shop/g/deals-store/myntra?src=store&from=storefront&use_mw=1
https://paytmmall.com,https://paytmmall.com/shop/g/deals-store/v-mart?src=store&from=storefront&use_mw=1
https://paytmmall.com,https://paytmmall.com/shop/g/deals-store/westside-deals?src=store&from=storefront&use_mw=1
https://paytmmall.com,https://paytmmall.com/shop/g/deals-store/jack-jones?src=store&from=storefront&use_mw=1
https://paytmmall.com,https://paytmmall.com/shop/g/deals-store/fabindia?src=store&from=storefront&use_mw=1
https://paytmmall.com,https://paytmmall.com/shop/g/deals-store/allen-solly-deals?src=store&from=storefront&use_mw=1
https://paytmmall.com,https://paytmmall.com/shop/g/deals-store/fbb?src=store&from=storefront&use_mw=1
https://paytmmall.com,https://paytmmall.com/shop/g/deals-store/indian-terrain?src=store&from=storefront&use_mw=1
https://paytmmall.com,https://paytmmall.com/shop/g/deals-store/reliance-trends?src=store&from=storefront&use_mw=1
https://paytmmall.com,https://paytmmall.com/shop/g/deals-store/jockey-voucher?src=store&from=storefront&use_mw=1
https://paytmmall.com,https://paytmmall.com/shop/g/deals-store/decathlon-vouchers?src=store&from=storefront&use_mw=1
https://paytmmall.com,https://paytmmall.com/shop/g/deals-store/pretty-secrets?src=store&from=storefront&use_mw=1
https://paytmmall.com,https://paytmmall.com/shop/g/deals-store/the-collective?src=store&from=storefront&use_mw=1
https://paytmmall.com,https://paytmmall.com/shop/g/deals-store/w-voucher?src=store&from=storefront&use_mw=1
https://paytmmall.com,https://paytmmall.com/shop/g/deals-store/iconic-vouchers?src=store&from=storefront&use_mw=1
https://paytmmall.com,https://paytmmall.com/shop/g/deals-store/raymond-deals?src=store&from=storefront&use_mw=1
https://paytmmall.com,https://paytmmall.com/shop/g/deals-store/vero-moda-deals?src=store&from=storefront&use_mw=1
https://paytmmall.com,https://paytmmall.com/shop/g/deals-store/beverly-hills-polo-club?src=store&from=storefront&use_mw=1
https://paytmmall.com,https://paytmmall.com/shop/g/deals-store/madame-vouchers?src=store&from=storefront&use_mw=1
https://paytmmall.com,https://paytmmall.com/shop/g/deals-store/peter-england-deals?src=store&from=storefront&use_mw=1
https://paytmmall.com,https://paytmmall.com/shop/g/deals-store/van-heusen-deals?src=store&from=storefront&use_mw=1
https://paytmmall.com,https://paytmmall.com/shop/g/deals-store/louis-philippe?src=store&from=storefront&use_mw=1
https://paytmmall.com,https://paytmmall.com/shop/g/deals-store/planet-fashion?src=store&from=storefront&use_mw=1
https://paytmmall.com,https://paytmmall.com/shop/g/deals-store/109f?src=store&from=storefront&use_mw=1
https://paytmmall.com,https://paytmmall.com/shop/g/deals-store/aurelia?src=store&from=storefront&use_mw=1
https://paytmmall.com,https://paytmmall.com/shop/g/deals-store/american-eagle?src=store&from=storefront&use_mw=1
https://paytmmall.com,https://paytmmall.com/shop/g/deals-store/selected-homme?src=store&from=storefront&use_mw=1
https://paytmmall.com,https://paytmmall.com/shop/g/deals-store/manyavar?src=store&from=storefront&use_mw=1
https://paytmmall.com,https://paytmmall.com/shop/g/deals-store/la-senza?src=store&from=storefront&use_mw=1
https://paytmmall.com,https://paytmmall.com/shop/g/deals-store/major-brands-vouchers?src=store&from=storefront&use_mw=1
https://paytmmall.com,https://paytmmall.com/shop/g/deals-store/taneira?src=store&from=storefront&use_mw=1
https://paytmmall.com,https://paytmmall.com/shop/g/deals-store/sypkar?src=store&from=storefront&use_mw=1
https://paytmmall.com,https://paytmmall.com/shop/g/deals-store/zivame?src=store&from=storefront&use_mw=1
https://paytmmall.com,https://paytmmall.com/shop/g/deals-store/tailorman?src=store&from=storefront&use_mw=1
https://paytmmall.com,https://paytmmall.com/shop/g/deals-store/disrupt-vouchers?src=store&from=storefront&use_mw=1
https://paytmmall.com,https://paytmmall.com/shop/g/deals-store/simon-carter?src=store&from=storefront&use_mw=1
https://paytmmall.com,https://paytmmall.com/shop/g/deals-store/bata-deals?src=store&from=storefront&use_mw=1
https://paytmmall.com,https://paytmmall.com/shop/g/deals-store/nike?src=store&from=storefront&use_mw=1
https://paytmmall.com,https://paytmmall.com/shop/g/deals-store/puma?src=store&from=storefront&use_mw=1
https://paytmmall.com,https://paytmmall.com/shop/g/deals-store/khadim-s?src=store&from=storefront&use_mw=1
https://paytmmall.com,https://paytmmall.com/shop/g/deals-store/red-chief?src=store&from=storefront&use_mw=1
https://paytmmall.com,https://paytmmall.com/shop/g/deals-store/speedo-vouchers?src=store&from=storefront&use_mw=1
https://paytmmall.com,https://paytmmall.com/shop/g/deals-store/sports-station?src=store&from=storefront&use_mw=1
https://paytmmall.com,https://paytmmall.com/shop/g/deals-store/woodland-deals?src=store&from=storefront&use_mw=1
https://paytmmall.com,https://paytmmall.com/shop/g/deals-store/metro-shoes?src=store&from=storefront&use_mw=1
https://paytmmall.com,https://paytmmall.com/shop/g/deals-store/mochi-online-vouchers?src=store&from=storefront&use_mw=1
https://paytmmall.com,https://paytmmall.com/shop/g/deals-store/lotto?src=store&from=storefront&use_mw=1
https://paytmmall.com,https://paytmmall.com/shop/g/deals-store/reliance-trends-footwear?src=store&from=storefront&use_mw=1
https://paytmmall.com,https://paytmmall.com/shop/g/deals-store/steve-madden?src=store&from=storefront&use_mw=1
https://paytmmall.com,https://paytmmall.com/shop/g/deals-store/regal-vouchers?src=store&from=storefront&use_mw=1
https://paytmmall.com,https://paytmmall.com/shop/g/deals-store/call-it-spring?src=store&from=storefront&use_mw=1
https://paytmmall.com,https://paytmmall.com/shop/g/deals-store/charles-keith-deals?src=store&from=storefront&use_mw=1
https://paytmmall.com,https://paytmmall.com/shop/g/deals-store/big-bazaar-top-deals?src=store&from=storefront&use_mw=1&tracker=%7C%7C%7C%7C%2Fh%2Fpaytmmall-app-clpid-6917-Grocery%20%26%20Home%20Furnishing%7C317026%7C1%7C%7C%7C%7C
https://paytmmall.com,https://paytmmall.com/shop/g/deals-store/urban-ladder?src=store&from=storefront&use_mw=1&tracker=%7C%7C%7C%7C%2Fh%2Fpaytmmall-app-clpid-6917-Grocery%20%26%20Home%20Furnishing%7C317026%7C2%7C%7C%7C%7C
https://paytmmall.com,https://paytmmall.com/shop/g/deals-store/athome?src=store&from=storefront&use_mw=1&tracker=%7C%7C%7C%7C%2Fh%2Fpaytmmall-app-clpid-6917-Grocery%20%26%20Home%20Furnishing%7C317026%7C3%7C%7C%7C%7C
https://paytmmall.com,https://paytmmall.com/shop/g/deals-store/more?src=store&from=storefront&use_mw=1&tracker=%7C%7C%7C%7C%2Fh%2Fpaytmmall-app-clpid-6917-Grocery%20%26%20Home%20Furnishing%7C317026%7C4%7C%7C%7C%7C
https://paytmmall.com,https://paytmmall.com/shop/g/deals-store/home-centre?src=store&from=storefront&use_mw=1&tracker=%7C%7C%7C%7C%2Fh%2Fpaytmmall-app-clpid-6917-Grocery%20%26%20Home%20Furnishing%7C317026%7C5%7C%7C%7C%7C
https://paytmmall.com,https://paytmmall.com/shop/g/deals-store/prestige-deals?src=store&from=storefront&use_mw=1&tracker=%7C%7C%7C%7C%2Fh%2Fpaytmmall-app-clpid-6917-Grocery%20%26%20Home%20Furnishing%7C317026%7C6%7C%7C%7C%7C
https://paytmmall.com,https://paytmmall.com/shop/g/deals-store/ratnadeep-super-market?src=store&from=storefront&use_mw=1&tracker=%7C%7C%7C%7C%2Fh%2Fpaytmmall-app-clpid-6917-Grocery%20%26%20Home%20Furnishing%7C317026%7C7%7C%7C%7C%7C
https://paytmmall.com,https://paytmmall.com/shop/h/kalyan-jewellers?src=store&from=storefront&use_sf=1&tracker=%7C%7C%7C%7C%2Fh%2Fpaytmmall-app-clpid-6917-Jewellery%20Brands%7C317029%7C1%7C%7C%7C%7C
https://paytmmall.com,https://paytmmall.com/shop/h/surat-diamonds-vouchers?src=store&from=storefront&use_sf=1&tracker=%7C%7C%7C%7C%2Fh%2Fpaytmmall-app-clpid-6917-Jewellery%20Brands%7C317029%7C2%7C%7C%7C%7C
https://paytmmall.com,https://paytmmall.com/shop/h/jewelfina?src=store&from=storefront&use_sf=1&tracker=%7C%7C%7C%7C%2Fh%2Fpaytmmall-app-clpid-6917-Jewellery%20Brands%7C317029%7C3%7C%7C%7C%7C
https://paytmmall.com,https://paytmmall.com/shop/h/tanishq?src=store&from=storefront&use_sf=1&tracker=%7C%7C%7C%7C%2Fh%2Fpaytmmall-app-clpid-6917-Jewellery%20Brands%7C317029%7C4%7C%7C%7C%7C
https://paytmmall.com,https://paytmmall.com/shop/g/deals-store/josalukkas?src=store&from=storefront&use_mw=1&tracker=%7C%7C%7C%7C%2Fh%2Fpaytmmall-app-clpid-6917-Jewellery%20Brands%7C317029%7C5%7C%7C%7C%7C
https://paytmmall.com,https://www.microsoft.com/en-us/store/p/paytm-mall-bazaar/9p69t80kn9r7
https://www.lenskart.com,https://www.lenskart.com/eyeglasses/brands/hooper.html
https://www.lenskart.com,https://www.lenskart.com/sunglasses/brands/john-jacobs.html
https://storeily.com,https://storeily.com/products/womens-limited-edition-cotton-tee-with-minimalistic-woman-outline-design
https://storeily.com,https://storeily.com/products/im-not-bossy-i-just-have-better-ideas-womens-graphic-t-shirt-bold-ideas-maven
https://storeily.com,https://storeily.com/products/lost-in-the-right-direction-womens-adventure-t-shirt-explore-the-unknown-path
https://storeily.com,https://storeily.com/products/girl-power-womens-swag-t-shirt-collection-storeily
https://storeily.com,https://storeily.com/products/perfectly-imperfect-womens-empowerment-t-shirt-embrace-your-unique-beauty
https://storeily.com,https://storeily.com/products/limited-edition-womens-tee-with-bold-woman-outline-design-storeily
https://storeily.com,https://storeily.com/products/goa-dreamin-womens-graphic-t-shirt
https://storeily.com,https://storeily.com/products/dare-to-be-different-womens-t-shirt-unique-empowerment-tee
https://storeily.com,https://storeily.com/products/living-my-story-womens-empowerment-t-shirt-own-your-narrative
https://storeily.com,https://storeily.com/products/lose-your-mind-find-your-soul-womens-graphic-t-shirt
https://storeily.com,https://storeily.com/products/difficult-roads-often-lead-to-beautiful-destinations-womens-inspirational-t-shirt
https://storeily.com,https://storeily.com/products/custom-t-shirt-order-design-your-own-tee
https://storeily.com,https://storeily.com/products/leo-collection-women-s-cotton-t-shirt-creative-determined-and-charming
https://storeily.com,https://storeily.com/products/taurus-stylish-and-charismatic-zodiac-womens-tee
https://storeily.com,https://storeily.com/products/celebrate-holi-in-style-with-colorful-lotus-flower-womens-t-shirt-storeily
https://storeily.com,https://storeily.com/products/libra-stylish-and-charismatic-zodiac-womens-tee
https://storeily.com,https://storeily.com/products/libra-stylish-and-charismatic-zodiac-womens-tee#judgeme_product_reviews
https://storeily.com,https://storeily.com/products/whimsical-feline-womens-colorful-cat-t-shirt-purr-fectly-playful#judgeme_product_reviews
https://storeily.com,https://storeily.com/products/virgo-stylish-and-charismatic-zodiac-womens-tee#judgeme_product_reviews
https://storeily.com,https://storeily.com/products/dare-to-be-different-womens-t-shirt-unique-empowerment-tee#judgeme_product_reviews
https://storeily.com,https://storeily.com/products/leo-collection-women-s-cotton-t-shirt-creative-determined-and-charming#judgeme_product_reviews
https://storeily.com,https://storeily.com/products/elevate-your-style-game-with-womens-be-strong-t-shirt#judgeme_product_reviews
https://storeily.com,https://storeily.com/products/sagittarius-stylish-and-charismatic-zodiac-womens-tee-copy#judgeme_product_reviews
https://storeily.com,https://storeily.com/products/adorable-cat-design-womens-t-shirt-for-purr-fect-style-storeily#judgeme_product_reviews
